STRING_id	Gene	Degree	Betweenness	Closeness	Eigenvector	PageRank	CompositeScore
9606.ENSP00000295897	ALB	132	0.27842040607073	0.44141689373297	1	0.0255843551475958	50.7013624587103
9606.ENSP00000369689	CALML5	58	0.0843722408557984	0.370285714285714	0.252956824254673	0.0146700236031975	18.1184565638253
9606.ENSP00000436812	MUC5B	54	0.0201081637616133	0.338912133891213	0.450289241660986	0.00940457924029798	12.7608040336489
9606.ENSP00000485659	MUC5AC	52	0.0277040476266565	0.345047923322684	0.410240448173876	0.00927103058737024	12.6611467371402
9606.ENSP00000416066	SERPINA1	48	0.00986912465482615	0.340336134453782	0.552612804995363	0.00850982014661965	12.1351260231722
9606.ENSP00000466090	ELANE	44	0.0149856784786742	0.335056876938987	0.500018978911346	0.00797381340724461	11.307814287813
9606.ENSP00000418915	CDKN2A	28	0.0492956518513663	0.35027027027027	0.179534836861292	0.00652034638193047	8.36899758342526
9606.ENSP00000226218	VTN	32	0.0189623276503559	0.330612244897959	0.338759198984605	0.00657618141680515	8.20164027349091
9606.ENSP00000236850	APOA1	32	0.0163591118472059	0.327603640040445	0.349438352834421	0.00659330891677304	8.12471748941358
9606.ENSP00000263339	IL1A	32	0.0049884853028567	0.334365325077399	0.385847285656604	0.00591203199762336	7.44643309012939
9606.ENSP00000259396	ORM1	30	0.00516410686535092	0.329268292682927	0.392665291404964	0.00543243135549428	7.08769578793025
9606.ENSP00000308720	PRSS1	32	0.00826485859263502	0.334710743801653	0.313159777008676	0.00620018734786284	7.08287445499728
9606.ENSP00000348170	HP	30	0.00399551223144975	0.32694248234107	0.390343007176861	0.0053962626821818	6.95620500603546
9606.ENSP00000216336	CTSG	30	0.00454926394815699	0.327935222672065	0.361634651931632	0.00543828762766547	6.73444466522347
9606.ENSP00000361366	SFTPD	30	0.00967794553680054	0.32694248234107	0.322292634166578	0.00548728934656768	6.70324394953529
9606.ENSP00000360973	AGTR2	26	0.0293992344451829	0.335751295336788	0.223138087641131	0.00538330934184962	6.67327083499421
9606.ENSP00000215727	SERPIND1	30	0.00217101587541753	0.321747765640516	0.360846824807981	0.00562304383007167	6.61958188057088
9606.ENSP00000428994	GRIA1	30	0.0221454698029825	0.333676622039135	0.179332406250327	0.00634077378673787	6.56005481571612
9606.ENSP00000316152	SFTPC	32	0.0108045760641637	0.302521008403361	0.257558354684217	0.00614398567719498	6.48541934127009
9606.ENSP00000389326	ACE2	26	0.0122153204625339	0.346153846153846	0.320676636014782	0.00495691554182334	6.35581004447061
9606.ENSP00000216492	CHGA	26	0.0203859762738268	0.338557993730408	0.213913459330828	0.00561374459844584	6.10809060091249
9606.ENSP00000167586	KRT14	26	0.0203534622847113	0.333676622039135	0.148396809291274	0.0068793208237511	6.02739664913538
9606.ENSP00000406861	MUC6	32	0.0108220240804963	0.307400379506641	0.216162273744393	0.00582014032839894	5.95201897302099
9606.ENSP00000340939	CLDN18	34	0.00669874217293954	0.293212669683258	0.201154161455854	0.00615834098359357	5.78691339595069
9606.ENSP00000383364	PLA2G2A	26	0.0125579288286578	0.338557993730408	0.237094418699019	0.00540439474363617	5.7180159382925
9606.ENSP00000494061	MUC2	28	0.00602478509709798	0.329268292682927	0.263142582341334	0.00504703837989989	5.49882776390387
9606.ENSP00000348888	PIGR	24	0.0107882170170592	0.328267477203647	0.277850929119721	0.00459102494377076	5.37753922576597
9606.ENSP00000181383	CPB2	24	0.00694261856281124	0.322709163346614	0.29549220234203	0.00480642558129382	5.36580631738385
9606.ENSP00000332549	GRIN2A	32	0.0144609280470674	0.299722479185939	0.0783384822528971	0.00702750320909837	5.35541502986397
9606.ENSP00000260682	CYP2C9	28	0.00853859589459886	0.316715542521994	0.204419629790636	0.00574427184174455	5.3406881038211
9606.ENSP00000302100	LGALS4	18	0.0356238572547155	0.339979013641133	0.115995887488311	0.00509217394494161	5.18917153568492
9606.ENSP00000394936	ORM2	24	0.00331764392279799	0.321110009910803	0.309843736991777	0.00454310312592232	5.132854248342
9606.ENSP00000324648	CYP2B6	28	0.00974482649394543	0.31609756097561	0.161148985838992	0.00603055471595661	5.12424310183131
9606.ENSP00000381775	TNFSF11	22	0.0188849868960155	0.330612244897959	0.167880970331288	0.00532043011428311	5.00489152348363
9606.ENSP00000494017	SLC26A4	26	0.0204931549988762	0.274576271186441	0.0415921750721123	0.00744570041976556	4.89982287150935
9606.ENSP00000250378	CMA1	22	0.00369071528884348	0.324974924774323	0.298767525984396	0.00410808202677616	4.68378499024156
9606.ENSP00000225474	CSF3	22	0.00542331447768454	0.317647058823529	0.257866468392108	0.00460999390015292	4.58844344169932
9606.ENSP00000420194	CASR	20	0.0146807439420667	0.341052631578947	0.178254339157228	0.00452886817300454	4.3337402016445
9606.ENSP00000199280	AQP2	18	0.0202386434232169	0.332307692307692	0.123714851442161	0.00524003930355115	4.26742131607707
9606.ENSP00000430690	TFF3	24	0.00763700716246246	0.286979627989371	0.190386457521112	0.00470501869129465	4.11319313047366
9606.ENSP00000291526	TFF2	26	0.00159830436448949	0.280519480519481	0.19427914419867	0.00471345396589098	3.89721921366574
9606.ENSP00000364524	PAX7	16	0.0299811509437726	0.326283987915408	0.078000017256915	0.00442014101816563	3.8581288634466
9606.ENSP00000342082	SLPI	22	0.00284974693311843	0.288	0.237708294664925	0.0041133735718063	3.80845756330759
9606.ENSP00000361871	WFDC12	4	1.08418713069876e-05	1	6.26983994638207e-18	0.00408754924929098	3.80720809612929
9606.ENSP00000397082	SFTPA1	24	0.00132349995991163	0.285211267605634	0.206558583575352	0.00421083090893376	3.60922670670662
9606.ENSP00000293599	AQP5	22	0.0051734378414003	0.3008356545961	0.182512244895923	0.00431209668901859	3.58582034996458
9606.ENSP00000477999	NOS1	18	0.0129333639935266	0.338912133891213	0.146699286076644	0.00413916185477773	3.52702063848065
9606.ENSP00000336528	NR1I2	20	0.00860997251340797	0.321747765640516	0.129398499324106	0.004825871079247	3.47335822375707
9606.ENSP00000356037	C4BPA	18	0.00134746280205321	0.320474777448071	0.260545230570409	0.00343013387851846	3.44012467354896
9606.ENSP00000366413	POU4F1	14	0.0228267041244342	0.330275229357798	0.127827975598625	0.00330244280535587	3.18927776865654
9606.ENSP00000488437	PRSS2	20	0.00105781005788318	0.291629162916292	0.205035907314447	0.00380941840991841	3.06219013032343
9606.ENSP00000393847	PLA2G10	18	0.00501487631329357	0.326283987915408	0.17334183222638	0.00378578782637147	3.02286018033134
9606.ENSP00000234111	ODC1	2	0	1	1.06497431395766e-18	0.00280072818933041	3.0164523008447
9606.ENSP00000256404	PEBP4	2	0	1	0	0.00280072818933041	3.0164523008447
9606.ENSP00000363394	SLC30A2	2	0	1	1.22609736529988e-18	0.00280072818933041	3.0164523008447
9606.ENSP00000371054	INSL6	2	0	1	2.59846897097214e-18	0.00280072818933041	3.0164523008447
9606.ENSP00000261177	TSPAN11	2	0	1	1.77341968788053e-19	0.00280072818933041	3.0164523008447
9606.ENSP00000229002	RERGL	2	0	1	5.07753744297363e-18	0.00280072818933041	3.0164523008447
9606.ENSP00000369320	RS1	2	0	1	1.63700358888066e-18	0.00280072818933041	3.0164523008447
9606.ENSP00000295201	TEKT4	2	0	1	3.04604656519512e-18	0.00280072818933041	3.0164523008447
9606.ENSP00000324672	C16orf89	2	0	1	1.71490875982014e-18	0.00280072818932827	3.01645230084368
9606.ENSP00000266980	SLC39A5	2	0	1	0	0.00280072818932827	3.01645230084368
9606.ENSP00000476499	ZBTB8B	2	0	1	2.54470021054051e-18	0.00280072818932827	3.01645230084368
9606.ENSP00000445381	PIK3C2G	2	0	1	4.19565716083415e-18	0.00280072818932827	3.01645230084368
9606.ENSP00000004531	SLC7A2	2	0	1	4.77263190682533e-18	0.00280072818932827	3.01645230084368
9606.ENSP00000366402	C9orf135	2	0	1	2.89940630168076e-18	0.00280072818932827	3.01645230084368
9606.ENSP00000272602	CNGA3	2	0	1	4.34285358330827e-18	0.00280072818932827	3.01645230084368
9606.ENSP00000239316	INSL4	2	0	1	4.11365024281757e-18	0.00280072818932827	3.01645230084368
9606.ENSP00000296694	SCGB3A2	22	0.000684390446189814	0.277873070325901	0.18635950460285	0.00391842165991698	3.00418078697156
9606.ENSP00000357905	DMBT1	18	0.00196325016017636	0.323676323676324	0.218922983885038	0.00324466762147121	2.99990902890377
9606.ENSP00000346251	BPIFA1	18	0.0119796840112535	0.273648648648649	0.142778261118216	0.00392333433449893	2.93920963366755
9606.ENSP00000473093	MAGEA3	16	0.0201845732261114	0.314868804664723	0.0883229340580288	0.00372474191466895	2.91271081403043
9606.ENSP00000291527	TFF1	20	0.00716352080106965	0.275276125743415	0.132523575542748	0.00426458628221668	2.8694584085507
9606.ENSP00000361298	KIF2C	18	0.0197525125052812	0.272727272727273	0.0202564687401834	0.00506795958478443	2.77904984851012
9606.ENSP00000417222	CPB1	14	0.014685558927823	0.313649564375605	0.143962275579834	0.00325209958980903	2.68617889769325
9606.ENSP00000346158	REG4	20	0.00500245604591519	0.285966460723742	0.131565233126224	0.00394748234423443	2.62898294398401
9606.ENSP00000445675	PRAME	20	0.0125651537567838	0.267768595041322	0.0253678595376156	0.00528159082721514	2.60469658533462
9606.ENSP00000499683	SFTPB	20	0.000995645210819756	0.281494352736751	0.166059706239406	0.00357878907307003	2.50337150125769
9606.ENSP00000342850	SERPINA6	14	1.72801814388682e-05	0.313649564375605	0.253775629354666	0.00261314161317941	2.49585064490737
9606.ENSP00000359077	L1CAM	14	0.0142709932638767	0.322388059701493	0.0948264595835529	0.00360462894030423	2.39018884120722
9606.ENSP00000381133	FGL1	14	0.00701182538391841	0.310642377756472	0.150035832861253	0.00355131092691276	2.35997285247731
9606.ENSP00000260302	MMP13	14	0.00816244428750745	0.320792079207921	0.142103324786315	0.00329036750823545	2.29405891447906
9606.ENSP00000393392	MYO1A	12	0.0248106422141094	0.291105121293801	0.0305872317315901	0.00381325119113937	2.18883941154894
9606.ENSP00000477829	LHX1	18	0.0111358432027718	0.267326732673267	0.0145442482489434	0.00520764514451314	2.18386028601739
9606.ENSP00000342235	ERBB4	18	0.0117763910752084	0.289027653880464	0.0410127536600388	0.00423104649051099	2.15386441349583
9606.ENSP00000317997	DUOX1	14	0.00675811621020475	0.328600405679513	0.115227834508076	0.00337105837194197	2.01857929644927
9606.ENSP00000338157	ZBTB16	14	0.0170365926135332	0.282722513089005	0.0296281401820941	0.00423202237034987	1.99232786940883
9606.ENSP00000373691	DUOX2	14	0.00717611828760299	0.325301204819277	0.106647749075985	0.00343029524037347	1.97005873806237
9606.ENSP00000217026	MYBL2	16	0.0163721377877657	0.274111675126904	0.01883081613237	0.00420822515022761	1.96036904775604
9606.ENSP00000372313	MSLN	12	0.0096427670291138	0.326612903225806	0.136966825828819	0.00275179535367042	1.93992557474511
9606.ENSP00000362116	PGC	18	0.00195537662515383	0.28125	0.119108734899291	0.00344995583434535	1.8588094036194
9606.ENSP00000166345	TRIP13	16	0.0173065850463157	0.233766233766234	0.00381570189253343	0.00466888557813835	1.8548090098882
9606.ENSP00000341045	UGT2B15	14	0.00600048362556367	0.313346228239845	0.113028419130989	0.00331747338326864	1.83143888965556
9606.ENSP00000285379	CA2	10	0.0137630893134256	0.320158102766798	0.0884666034949707	0.00339684258025656	1.81997612638163
9606.ENSP00000296589	SLC45A2	12	0.00802100554432362	0.314563106796116	0.106205116417395	0.00342662823884858	1.77603340919535
9606.ENSP00000295731	IHH	16	0.00950824825401212	0.261290322580645	0.0314690946748453	0.00461850772775186	1.74794042408772
9606.ENSP00000270349	SLC6A3	14	0.00404249618594234	0.327272727272727	0.117895290970308	0.00311887704755434	1.73725604095551
9606.ENSP00000217407	LBP	12	0.00184655400543178	0.315175097276265	0.187097992178001	0.00240584051270775	1.68701468439632
9606.ENSP00000354778	CNTNAP2	16	0.0115796571547965	0.266009852216749	0.0285614658604795	0.00419160081163462	1.68257216519887
9606.ENSP00000260653	SIX3	16	0.00821257742322785	0.268211920529801	0.0180391451672622	0.00463906291368122	1.57917062425664
9606.ENSP00000352035	KCNQ2	16	0.00594076162189282	0.284710017574692	0.0507543077272647	0.00394076737015926	1.51851656156619
9606.ENSP00000361400	SFTPA2	16	2.88367571665669e-05	0.266447368421053	0.145418336306156	0.00287313421995367	1.45027810156467
9606.ENSP00000336571	CLDN2	16	0.00256348180795816	0.285714285714286	0.0931586569648256	0.00326984893451757	1.40223740550267
9606.ENSP00000479113	GABRG3	18	0.00375296889371487	0.27022518765638	0.0222659140174356	0.00424128190895884	1.32903938261538
9606.ENSP00000294312	FGF19	12	0.0051685313919667	0.321747765640516	0.100491220781478	0.00289276390468279	1.31930008694065
9606.ENSP00000290552	IRX6	16	0.00610602033237625	0.261501210653753	0.00957947736573484	0.00464414465494632	1.31828821236838
9606.ENSP00000233997	AZU1	14	0.00043336722162651	0.27	0.14766365557343	0.00276670163120198	1.28890774968157
9606.ENSP00000329292	GKN2	16	0.000886868650554263	0.272957034540859	0.107762323353002	0.00307156839392739	1.26657799640372
9606.ENSP00000319814	PCK1	12	0.00327201828143824	0.311239193083574	0.0927049557254879	0.00316281329751645	1.18214678528878
9606.ENSP00000497642	LPL	10	0.00529949820982586	0.310642377756472	0.105973024502281	0.00290329581642174	1.14103304083865
9606.ENSP00000170150	BPIFB2	10	0.00603978036377736	0.320158102766798	0.118990648717785	0.00232005285119365	1.09904359388498
9606.ENSP00000362717	LHX2	14	0.00722736147741999	0.256938937351308	0.0122124697344281	0.00439697256123328	1.09414120642329
9606.ENSP00000337733	KLK5	14	0.00511137648101007	0.266666666666667	0.0479425349756783	0.00366298798664486	1.01704124716867
9606.ENSP00000358931	TKTL1	12	0.00843874733478882	0.26977518734388	0.0385394106553653	0.0037037164103462	1.00171991574441
9606.ENSP00000370483	NLGN4X	14	0.00376186996769522	0.271356783919598	0.0586279787877937	0.00343162312952301	0.951173663183583
9606.ENSP00000346659	OCA2	10	0.0052632895128569	0.315789473684211	0.105125620032541	0.00242772627212532	0.935393219028156
9606.ENSP00000245255	PIWIL1	8	0.0166809425397398	0.258785942492013	0.00852965888541011	0.0039233101787302	0.929983892287426
9606.ENSP00000377284	FOLR1	10	0.000572669990115735	0.318897637795276	0.142128345394117	0.00223784730732455	0.918311361251967
9606.ENSP00000312286	PLA2G1B	14	0.000729371457954394	0.276214833759591	0.0942497490324714	0.00293945192386825	0.897890813224759
9606.ENSP00000388850	PNMA5	2	0	0.666666666666667	2.72452331440898e-18	0.00215731765935005	0.753651762959755
9606.ENSP00000290722	PGLYRP3	2	0	0.666666666666667	5.19489170706293e-18	0.00215731765934682	0.75365176295823
9606.ENSP00000259470	CTSV	12	0.00674326822041346	0.277634961439589	0.0389992396032223	0.00330876026333455	0.752774959151506
9606.ENSP00000005226	USH1C	12	0.00663231924807778	0.244343891402715	0.0064812036627688	0.00416055841295738	0.630922474466989
9606.ENSP00000423313	GALNTL6	12	0.00143946460696017	0.27318718381113	0.106072672435638	0.00244766563080667	0.630650628584051
9606.ENSP00000221307	CYP4F3	14	0.000379192327638889	0.260240963855422	0.0690894681801795	0.00304087289614582	0.579591758627608
9606.ENSP00000384957	F11	8	0	0.30945558739255	0.15987600665385	0.00171008847059811	0.569733608271764
9606.ENSP00000262138	CACNG4	14	0.00276098945557862	0.267326732673267	0.0270523212492488	0.0034280068687371	0.546526264694596
9606.ENSP00000455906	MUC22	12	0.000976677396316679	0.268434134217067	0.10692042958121	0.00236455874335459	0.541014665165901
9606.ENSP00000293894	SOX8	12	0.00569143470867651	0.254117647058824	0.00720618933706239	0.00393358098754784	0.525529129032184
9606.ENSP00000368771	MUC3A	12	7.64261039048406e-06	0.269326683291771	0.112388092742074	0.00231662477167254	0.513279476235852
9606.ENSP00000349085	MAGEA1	14	0.00350192443215699	0.247517188693659	0.0116440905666167	0.00369102602655686	0.451310139113756
9606.ENSP00000301218	GRIK5	14	0.000778650998890082	0.263414634146341	0.0337407017945427	0.0032570021583879	0.377022341818625
9606.ENSP00000296695	SPINK1	12	0.000950915047111439	0.275042444821732	0.0706650108868886	0.00263621794544026	0.347648829044456
9606.ENSP00000358813	TTK	14	0.0023627757174039	0.231593995711222	0.00381873342876926	0.00395333449428007	0.328660194696838
9606.ENSP00000350036	SMC1B	10	0.0115815009293715	0.192972007147111	0.000284221089490551	0.0038518603625721	0.269760001288482
9606.ENSP00000451172	SERPINA4	8	0.0003261557550381	0.309160305343511	0.120039630359062	0.00183543110093053	0.254500366980546
9606.ENSP00000495061	PITX2	12	0.00563311224112225	0.231263383297645	0.00311367957399385	0.00371990447097404	0.245726784028398
9606.ENSP00000411821	ALDH3A1	12	0.0035519648310346	0.243060765191298	0.0357117836602568	0.00312899539357548	0.219800803034501
9606.ENSP00000462701	CDH8	10	0.00937600224499311	0.227208976157083	0.00252962970269949	0.00357336199920572	0.21466174136699
9606.ENSP00000417898	PAEP	10	0.00489280618921108	0.261079774375504	0.0539217649966487	0.00269041256325602	0.206584049966433
9606.ENSP00000391269	RBFOX1	12	0.00424523764498307	0.242696629213483	0.0159706665307254	0.00341616816519889	0.204175948827005
9606.ENSP00000311997	NEFH	8	0.000668973658971424	0.315789473684211	0.0949566173772719	0.00198541209706852	0.138822607096815
9606.ENSP00000244869	EREG	12	0.00445913980262303	0.230769230769231	0.00667588871173972	0.00339575756930497	0.0466199621031178
9606.ENSP00000286574	WIF1	10	0.00469440383003568	0.278589853826311	0.0197038434598787	0.00276706865244311	-0.00632942897377164
9606.ENSP00000281830	KCNE4	8	0.0092360385025207	0.280762564991335	0.0223522791279766	0.00240698867097343	-0.0167462546479607
9606.ENSP00000369889	COL2A1	10	0.003531000359753	0.25253312548714	0.0260364282453822	0.00309835009161855	-0.0172719469085303
9606.ENSP00000359337	GABRA3	12	0.00162910419906296	0.260032102728732	0.0260620805236337	0.00284795812731022	-0.0369373524179241
9606.ENSP00000362183	GRIK3	12	0.00109424483216776	0.266886326194399	0.0266222559221979	0.00281862146743608	-0.0405745174008005
9606.ENSP00000360718	RAB3B	6	0.010712377908399	0.283216783216783	0.0386224199715736	0.00212433257810406	-0.0578068903054965
9606.ENSP00000292641	SCGB3A1	10	0.000127916875762611	0.263628966639544	0.0900032482531158	0.00201417000393465	-0.0580308683219631
9606.ENSP00000261917	HCN4	10	0.00504896354252924	0.227848101265823	0.00218446365890496	0.0035166980697593	-0.099565147954623
9606.ENSP00000220478	SCG3	10	0.000625280411736666	0.263414634146341	0.046427878337042	0.00270093451575947	-0.132720863533146
9606.ENSP00000352248	ANXA10	10	0.000370053536863971	0.272497897392767	0.0710957024013071	0.00209723921468445	-0.137756442119475
9606.ENSP00000276198	HTR2C	12	0.000490327806795526	0.261290322580645	0.0225710168922272	0.00282200391114415	-0.152129981894943
9606.ENSP00000380676	CDHR5	8	0.00905719301855831	0.235294117647059	0.00288113772034065	0.00311471189554544	-0.153635405280015
9606.ENSP00000295453	ALPG	8	0.00708856323783538	0.2592	0.0105288723473383	0.00292713240120503	-0.157144820629167
9606.ENSP00000482232	CGA	8	0.00718717471994201	0.211764705882353	0.00235059517807521	0.00354237547084075	-0.219071184350959
9606.ENSP00000358963	HTR1B	10	0.00145681635222036	0.271812080536913	0.0449656755726041	0.0022832461335354	-0.240255270485268
9606.ENSP00000497767	ALDOB	6	0.00176309802988821	0.310642377756472	0.0818754077000324	0.00172236308664268	-0.253706144449537
9606.ENSP00000379383	ENAM	6	0.00144365226463702	0.312138728323699	0.0865867486021754	0.00164419785590864	-0.256494776343001
9606.ENSP00000437621	HMGA2	8	0.00753820910570426	0.264705882352941	0.0136595484126898	0.00251185000204904	-0.260439024447638
9606.ENSP00000360157	FOXD3	10	0.00243495202405341	0.259615384615385	0.00763725494212851	0.00299189262833078	-0.281147394119729
9606.ENSP00000299529	CRABP1	8	0.0052157460087097	0.271129707112971	0.0170638868488958	0.00260674770004781	-0.298514924281711
9606.ENSP00000354660	MAGEC2	12	0	0.247328244274809	0.0115872115060862	0.00297912051244566	-0.301176789005689
9606.ENSP00000359310	CSAG1	12	0	0.247328244274809	0.0115872115060862	0.00297912051244489	-0.301176789006053
9606.ENSP00000377447	MAGEA12	12	0	0.247328244274809	0.0115872115060862	0.00297912051244408	-0.301176789006435
9606.ENSP00000480637	MAGEA6	12	0	0.247328244274809	0.0115872115060862	0.00297912051244237	-0.301176789007246
9606.ENSP00000364265	FOXE1	10	0.00173056539560268	0.261079774375504	0.0195711093339258	0.00269029857988117	-0.343940452773442
9606.ENSP00000262545	PCSK2	8	0.00360135279954859	0.260240963855422	0.0404410813171442	0.0023723797003799	-0.349252522008183
9606.ENSP00000244336	CEACAM8	8	1.4344529005803e-05	0.261924009700889	0.0917142128077352	0.00172854144302459	-0.374844350231167
9606.ENSP00000427018	RIMS2	6	0.00699300699300699	0.221462747778537	0.00282494826552459	0.00334956105558318	-0.442572456452782
9606.ENSP00000361636	TNNC2	6	0.0109910557975712	0.232758620689655	0.00270603934505043	0.00262626351247471	-0.453844108146051
9606.ENSP00000306606	ADH1B	10	0.000292468553926658	0.245640636846096	0.0337459981817146	0.00251975860148206	-0.470611572986092
9606.ENSP00000319705	DUOXA2	10	1.0589145916343e-05	0.25796178343949	0.0220836746884312	0.00263876252785434	-0.476144040867012
9606.ENSP00000267803	DUOXA1	10	1.0589145916343e-05	0.25796178343949	0.0220836746884312	0.00263876252785313	-0.476144040867584
9606.ENSP00000283147	BMP6	8	0.00350192443215699	0.251162790697674	0.0163985669184486	0.00269200571091851	-0.496023582684156
9606.ENSP00000386096	MYO18B	6	0.00699300699300699	0.189362945645821	0.000197927037194156	0.00362392844736186	-0.527317260539618
9606.ENSP00000345502	PDE4D	8	0.00189412777882448	0.273879966187658	0.0219745046547468	0.00239440642683508	-0.55510920060418
9606.ENSP00000463092	MSMB	8	0.00218453191218843	0.254716981132075	0.0427832107708231	0.00205011834359401	-0.60524852858197
9606.ENSP00000377003	TSPAN8	6	0.00768642150647825	0.252730109204368	0.00737110081573733	0.00242069494509777	-0.607363090397882
9606.ENSP00000358865	INA	8	0.000776826920835379	0.274343776460627	0.0374556826072621	0.00208882650252908	-0.617995433374968
9606.ENSP00000300061	SCNN1G	8	0.00166902032390279	0.277397260273973	0.027100734042322	0.00213434826681647	-0.621729480613605
9606.ENSP00000259803	GCM1	6	0.00543279583334927	0.255722178374112	0.0131688495908329	0.00253131698251235	-0.629877813213498
9606.ENSP00000402219	VSIG1	8	0.00170209568162749	0.272040302267003	0.0300577841722332	0.00198174246023783	-0.693942454412856
9606.ENSP00000358414	HMGCS2	8	9.44209562540616e-05	0.262348178137652	0.0448984795448433	0.00199787858102355	-0.703183473543012
9606.ENSP00000317214	CAPN6	6	0.00365744867159204	0.275042444821732	0.0226701439369821	0.00213903308532809	-0.726000458467725
9606.ENSP00000414109	HJURP	10	0	0.228975265017668	0.00364539074428857	0.00279757907320435	-0.754574075811091
9606.ENSP00000348838	UBE2C	10	0	0.228975265017668	0.00364539074428858	0.0027975790732037	-0.754574075811402
9606.ENSP00000380442	PLA2G4F	8	0	0.257347100873709	0.0486190355072323	0.00185762253563521	-0.768378010844975
9606.ENSP00000450040	ASPG	4	0	0.307692307692308	0.0910398610525596	0.00110583151273743	-0.770323417152189
9606.ENSP00000494468	GJB6	8	0.00311838417512971	0.246951219512195	0.00664783171848288	0.0023885697677616	-0.786445906846247
9606.ENSP00000469332	GABRQ	10	0.000299193967009428	0.231098430813124	0.00735431012744633	0.00255877012535873	-0.798498070491718
9606.ENSP00000329170	POU3F2	8	0.000720669466532814	0.253125	0.00906299575692914	0.00245553750005089	-0.854009760378492
9606.ENSP00000359596	CLCA2	6	0.00121427299710089	0.282722513089005	0.0300447547858126	0.00186986317925854	-0.897711304618907
9606.ENSP00000398017	CLDN9	8	0.00127584635843175	0.249230769230769	0.0240735836996542	0.00198499843951478	-0.914012648705069
9606.ENSP00000380131	CLDN6	8	0.000232059868817375	0.25531914893617	0.0316557813857458	0.00189166887997263	-0.916738124057015
9606.ENSP00000221476	CKM	6	0.00414394635582153	0.253918495297806	0.00660325675530733	0.00225587284203801	-0.92156533372966
9606.ENSP00000219406	PDIA2	4	0.010440722068629	0.24	0.0104746331001798	0.00183166249076403	-0.928040556932847
9606.ENSP00000257408	KLB	8	0.000176979809016829	0.252140077821012	0.0203920695616626	0.0021492442023942	-0.928719299407274
9606.ENSP00000259212	IL36RN	6	0	0.256735340729002	0.0727635098714879	0.00139858236188241	-0.931124266203271
9606.ENSP00000314484	MEIOB	8	0.0017159673003409	0.166838311019567	2.83308827394981e-05	0.00337989978918474	-0.946734043477796
9606.ENSP00000305244	IRX1	8	0.00142933340240713	0.228169014084507	0.00293816225549622	0.00254282723387314	-0.972840121860145
9606.ENSP00000258729	IGF2BP3	8	0.000962689844940052	0.218918918918919	0.00142667326538746	0.00267293810337823	-1.01160420526258
9606.ENSP00000386452	MEIOC	8	0.0011175186560763	0.167788710512688	3.70765657230027e-05	0.00329748431802669	-1.01986616735765
9606.ENSP00000493555	TEX15	6	0.00474725337831389	0.178709321566464	4.75190237085843e-05	0.00297235887737706	-1.04911249218988
9606.ENSP00000369210	SOHLH2	6	0.00527750489424683	0.22360248447205	0.00240111866656468	0.00226988730110054	-1.05926874639382
9606.ENSP00000331746	CALCA	4	0.00674380582115711	0.25019305019305	0.0254612216412945	0.00152313355215694	-1.11160546877381
9606.ENSP00000312631	INSM1	6	0.000924129712335136	0.264705882352941	0.0278016209569736	0.00167510430063688	-1.13724095731999
9606.ENSP00000315931	AHCYL2	6	0.00413021855962745	0.229137199434229	0.003050669618588	0.00211596169365702	-1.16946440858828
9606.ENSP00000438388	KIF1A	4	0.00538222028590098	0.279551337359793	0.0197741977045932	0.00132873330629035	-1.17800044263254
9606.ENSP00000261731	LHX5	8	0.000142962080771194	0.213157894736842	0.00265719207895074	0.00247560701611513	-1.18116783565555
9606.ENSP00000263946	PKP1	6	7.84067821479348e-05	0.257756563245823	0.013764416494997	0.00201165442677428	-1.21403835852931
9606.ENSP00000361214	NRG3	8	0	0.228490832157969	0.00559533833094728	0.00213633015420196	-1.23207218775509
9606.ENSP00000358755	CHIA	6	8.77990156520683e-05	0.251748251748252	0.0415386279265048	0.00141937462082589	-1.25397168495951
9606.ENSP00000352936	SPINK5	6	0.000190069090607677	0.250580046403712	0.0281357914900147	0.00169282456418633	-1.25734676415832
9606.ENSP00000331268	ANKRD45	4	0.00698216512170001	0.194128220491312	0.000762129676227509	0.00239213048242264	-1.25844887177131
9606.ENSP00000364632	BPIFB4	6	0.00110572698781362	0.248085758039816	0.0193296102909794	0.00177127512018078	-1.2611903712363
9606.ENSP00000473361	FXYD4	4	0.00350192443215699	0.25	0.00900118831839785	0.00199153764920849	-1.26964363417227
9606.ENSP00000358794	SLC16A4	4	0.00350192443215699	0.243060765191298	0.00643661248964561	0.00212080674940811	-1.27462762100285
9606.ENSP00000446485	GTSF1	4	0.00676344401759013	0.209573091849935	0.000620785357341956	0.00209598098997097	-1.32381916018449
9606.ENSP00000199936	HSD17B2	6	0.000651609666938858	0.242152466367713	0.0105330370107907	0.00194791184514358	-1.32976197200039
9606.ENSP00000351632	FAM3D	4	0.00717204961459097	0.21744966442953	0.0103884860431699	0.00167927241480204	-1.35086184376571
9606.ENSP00000335292	SLC51B	6	0	0.251162790697674	0.0181144977848232	0.00169683088297543	-1.36391006953162
9606.ENSP00000256797	ERN2	4	0	0.260869565217391	0.0622820508875722	0.00101927070018161	-1.37116414159171
9606.ENSP00000290349	CBR1	6	1.98767640628106e-05	0.241610738255034	0.0224286674170194	0.00163236045154663	-1.40649355931069
9606.ENSP00000313571	LGALS7B	4	0.000444671105153191	0.282476024411508	0.0290485357143432	0.0012998944250067	-1.41096500297623
9606.ENSP00000347591	GFRA1	6	0.000623589946990023	0.229787234042553	0.00337082331188622	0.00206896554693514	-1.41790602467834
9606.ENSP00000310658	SCUBE2	6	0.0011763252859366	0.233093525179856	0.0064631520513222	0.00182669063399088	-1.44576561748678
9606.ENSP00000368314	NRCAM	6	0.000937431005543467	0.229137199434229	0.00584740960041371	0.00190061452537892	-1.45600582610667
9606.ENSP00000356634	PAPPA2	4	0.00160422477661003	0.249807247494217	0.0247166323872456	0.00152900447481248	-1.46024621715821
9606.ENSP00000292430	LY6K	6	0.00115068366371279	0.2171581769437	0.00114168571007202	0.00209017197064267	-1.46908766024258
9606.ENSP00000418081	CACNA2D2	6	0.000630176713365415	0.228169014084507	0.00370648936376251	0.00194301724288027	-1.48325965957556
9606.ENSP00000470879	TMEM59L	4	0.00350192443215699	0.162814070351759	5.54506808099092e-05	0.00280838751870024	-1.48384050732816
9606.ENSP00000313881	MKRN3	6	4.02206115047369e-05	0.246763137852247	0.0108537512875411	0.00163317209569626	-1.48911636650894
9606.ENSP00000305852	TM4SF4	4	0.00350192443215699	0.202121023081722	0.000536303166377462	0.00229051372261249	-1.49325590609926
9606.ENSP00000369328	LINGO2	4	0.00350192443215699	0.223448275862069	0.0138520504001201	0.00173851151442803	-1.49734453618715
9606.ENSP00000375678	KLK14	4	0.000141794202089272	0.255520504731861	0.0420324993622587	0.00120113231844532	-1.50762470583139
9606.ENSP00000225688	RASD1	4	0	0.275744680851064	0.0289256750757327	0.00124101352067853	-1.50916502035657
9606.ENSP00000263413	C6	4	0	0.250580046403712	0.0506349734237103	0.00108810801653823	-1.51437821263634
9606.ENSP00000392411	SLC13A2	4	0.00350192443215699	0.215856095936043	0.00302614436368528	0.00197892184854273	-1.53537748058979
9606.ENSP00000268122	RHCG	4	0.00350192443215699	0.215856095936043	0.00302614436368527	0.00197892184854273	-1.53537748058979
9606.ENSP00000346990	SCARA5	4	0.00145818929720589	0.249614791987673	0.0248725795310039	0.00138296457805473	-1.53866175871977
9606.ENSP00000364609	PADI3	4	0	0.251357641582622	0.0390132159117664	0.00126641457873248	-1.54051401689301
9606.ENSP00000364620	PADI1	4	0	0.251357641582622	0.0390132159117664	0.00126641457873188	-1.54051401689329
9606.ENSP00000417182	MUCL3	6	4.64740357405831e-05	0.228975265017668	0.0250601866992804	0.00141697852482256	-1.5548321729243
9606.ENSP00000342952	ADCY2	4	0	0.271129707112971	0.0198985429788138	0.00135890404454083	-1.56987995539424
9606.ENSP00000393128	LHFPL3	4	0.00350192443215699	0.190812720848057	0.000209624494470256	0.00225296023537291	-1.58069914187661
9606.ENSP00000379369	FOXB1	6	0.000206592881931293	0.216144096064043	0.00145763216280767	0.00197835965905878	-1.58761651268287
9606.ENSP00000272847	PTH2R	4	0.00350192443215699	0.207559256886611	0.00228961393135734	0.00198499963775307	-1.58853778140029
9606.ENSP00000302855	ZNF280A	4	0.00350192443215699	0.211626387981711	0.00184570306855597	0.00191958871679719	-1.59999791868773
9606.ENSP00000264029	TREH	4	0.000658604347919193	0.260450160771704	0.0111847103204046	0.00142572992577687	-1.64349188916888
9606.ENSP00000318684	VSIG2	4	0.00393252165923164	0.181208053691275	0.000755879861180879	0.00209088483484667	-1.67978836252505
9606.ENSP00000296522	HPGD	4	0.000233173841776326	0.245827010622155	0.0221490086343348	0.00131247272986537	-1.70271193971408
9606.ENSP00000271971	CAPN9	4	6.40402967520015e-05	0.257756563245823	0.0266070870436066	0.00108584323113975	-1.70698486232903
9606.ENSP00000308024	PCSK1	4	0	0.25451688923802	0.0188425717698137	0.0012463206275158	-1.73121913542453
9606.ENSP00000249330	VGF	4	0	0.25451688923802	0.0188425717698137	0.0012463206275158	-1.73121913542453
9606.ENSP00000220420	TGM5	4	0	0.250580046403712	0.0117366475970745	0.00143987972882072	-1.73311137187573
9606.ENSP00000222462	WNT16	4	3.11621664687204e-05	0.252927400468384	0.0135767156627905	0.00130163504450978	-1.76445473824571
9606.ENSP00000360991	CYP4B1	4	0	0.241610738255034	0.0264585445342544	0.00113500941226024	-1.78429953891427
9606.ENSP00000373328	CIDEC	4	0	0.239114391143911	0.0143795992409752	0.00136173473433981	-1.81128122771244
9606.ENSP00000263054	SORCS1	4	0.000393386204513317	0.246575342465753	0.0133470176058091	0.00114019796741422	-1.85636447793638
9606.ENSP00000352173	PLAC1	4	7.65392308732689e-05	0.212180746561886	0.00274201523123706	0.0017871426085744	-1.8783350360119
9606.ENSP00000361998	TAF7L	4	0.00218990758645112	0.186635944700461	0.000176467821302399	0.00176395938129315	-1.92424892630866
9606.ENSP00000330200	BTNL9	4	0.00103658588454407	0.157664233576642	5.52461914760607e-05	0.00225196430624747	-1.94138549639647
9606.ENSP00000397261	SELENBP1	4	0.00196327581516964	0.205063291139241	0.000496963329586816	0.00151570080094736	-1.94538403842513
9606.ENSP00000370896	GREB1	4	0.000267510276359157	0.218918918918919	0.0103539242493458	0.00133450741851224	-1.96489099868094
9606.ENSP00000360583	ZYG11A	4	0.000371169081365861	0.221614227086183	0.00573869848819187	0.00132641458446735	-1.99169917386077
9606.ENSP00000481581	FOXD1	4	0.000410993006755459	0.218181818181818	0.00147587501844282	0.00145044982979457	-1.99272806610607
9606.ENSP00000321005	CD300LG	4	0.000700558208493993	0.154727793696275	7.43777749589942e-06	0.00221936240714595	-1.99688563781947
9606.ENSP00000296238	CAMK2N2	2	0	0.270450751252087	0.0183081071887381	0.0008500926788392	-2.01143629983319
9606.ENSP00000405950	PNCK	2	0	0.270450751252087	0.0183081071887381	0.0008500926788392	-2.01143629983319
9606.ENSP00000320247	AQP6	2	0	0.270450751252087	0.0183081071887381	0.0008500926788392	-2.01143629983319
9606.ENSP00000361813	BEX1	2	0	0.270450751252087	0.0183081071887381	0.0008500926788392	-2.01143629983319
9606.ENSP00000290341	IGF2BP1	4	0	0.21301775147929	0.00109188658724317	0.0015218767008029	-2.02039471379279
9606.ENSP00000374240	SHOX2	4	0.000153890037610968	0.212319790301442	0.000851431835751792	0.00151138826984777	-2.02160681329327
9606.ENSP00000342097	OBP2A	4	0.000151193725837387	0.212877792378449	0.00530167167634183	0.00137934064820528	-2.03693176849721
9606.ENSP00000497550	PI16	4	4.58886505398133e-05	0.208494208494208	0.00489668331516364	0.00144351932208759	-2.04332353917598
9606.ENSP00000299162	FOXN4	4	0.000104246134447124	0.212459016393443	0.00193655522954072	0.00144586047765914	-2.0443570126443
9606.ENSP00000408792	SP8	4	3.68876348710468e-05	0.208762886597938	0.00140545285856562	0.00151128463169028	-2.04484614118544
9606.ENSP00000376306	CIT	4	0	0.2171581769437	0.00174225732596036	0.00139481894852977	-2.04976361736034
9606.ENSP00000381058	CDH7	4	0	0.185354691075515	0.000197370487782495	0.00178709698828758	-2.06624599536631
9606.ENSP00000325954	CDHR3	4	0	0.185354691075515	0.000197370487782488	0.001787096988287	-2.06624599536658
9606.ENSP00000217246	MACROD2	4	0	0.210526315789474	0.0032230759362334	0.00134942397137265	-2.09554454065509
9606.ENSP00000292377	GPC2	2	0	0.246951219512195	0.0252910939975579	0.000770378764604199	-2.11806551568922
9606.ENSP00000262450	CHD5	2	0	0.259615384615385	0.0129940872204337	0.000815987401589268	-2.14386007345537
9606.ENSP00000301202	LAIR2	2	0	0.246575342465753	0.0233263842944275	0.00073105562470617	-2.1583416950283
9606.ENSP00000290705	MT1A	2	0	0.253125	0.0171600431978186	0.000773473500099876	-2.16085466582141
9606.ENSP00000264218	NMU	2	0	0.251552795031056	0.0161499340389841	0.000772094839213764	-2.18074701680984
9606.ENSP00000368872	INSC	2	0	0.253918495297806	0.00839536607816804	0.000901036767645175	-2.18261851881608
9606.ENSP00000264031	UPK2	2	0	0.250386398763524	0.0107404285256051	0.000869910974568885	-2.19487658829244
9606.ENSP00000366984	KRT40	2	0	0.250386398763524	0.0107404285256051	0.000869910974568885	-2.19487658829244
9606.ENSP00000255226	SLC14A2	2	0	0.249614791987673	0.00895403698918018	0.000915001829291528	-2.19576009433718
9606.ENSP00000299752	CDH16	2	0	0.249614791987673	0.00895403698918018	0.000915001829291528	-2.19576009433718
9606.ENSP00000350162	SYCP2	4	0	0.162977867203219	2.26213901384121e-05	0.00179315419523956	-2.19657048656679
9606.ENSP00000301896	MAJIN	4	0	0.16273229532898	2.32543712883588e-05	0.00177564090761759	-2.20629563633363
9606.ENSP00000262345	IL12RB2	2	0	0.241250930752048	0.0186634496128516	0.000776336029775965	-2.21436973174443
9606.ENSP00000356102	SLC26A9	2	0	0.242696629213483	0.00640289529322551	0.000997572467044119	-2.22258877147298
9606.ENSP00000282507	UGT3A2	2	0	0.243609022556391	0.0093653990267623	0.000830308270136606	-2.26705322424467
9606.ENSP00000379365	EDA2R	2	0	0.239467849223947	0.00768674520282747	0.000905548228904203	-2.27239648288661
9606.ENSP00000374071	ADAMTS20	2	0	0.239467849223947	0.00768674520282747	0.000905548228904203	-2.27239648288661
9606.ENSP00000329932	LGALS9C	2	0	0.237188872620791	0.0108590551698653	0.000851339840954107	-2.28002477177122
9606.ENSP00000315564	LGALS9B	2	0	0.237188872620791	0.0108590551698653	0.000851339840954107	-2.28002477177122
9606.ENSP00000427926	RHOBTB2	2	0	0.232424677187948	0.0186411494483592	0.000746508467501487	-2.2805604045819
9606.ENSP00000302297	LGI3	2	0	0.232424677187948	0.0186411494483592	0.000746508467501487	-2.2805604045819
9606.ENSP00000385780	DGKB	2	0	0.237188872620791	0.00766994722288736	0.000913669517192352	-2.28210784532839
9606.ENSP00000263576	DDX25	2	0	0.205714285714286	0.000617346100930807	0.00125381264138083	-2.37587682109689
9606.ENSP00000330074	H1-5	2	0	0.205714285714286	0.000617346100930808	0.00125381264138083	-2.37587682109689
9606.ENSP00000295213	SPATA18	2	0	0.20012353304509	0.000651473709178658	0.00126651272931407	-2.4023730073704
9606.ENSP00000386908	MEGF11	2	0	0.195652173913043	0.000465858913828559	0.00132145209689881	-2.40447800386512
9606.ENSP00000359668	VGLL1	2	0	0.215856095936043	0.00164078366498041	0.00102616860257686	-2.41389950895597
9606.ENSP00000386845	ZNF385B	2	0	0.220558202859088	0.00214437846401258	0.00093399765908593	-2.42491088611396
9606.ENSP00000473153	ERVV-1	2	0	0.20377358490566	0.000953114076173751	0.0011373157067791	-2.43908883170233
9606.ENSP00000414451	FAM177B	2	0	0.216	0.00959158082894318	0.000782599062389118	-2.44959227786612
9606.ENSP00000494260	HOXA1	2	0	0.213438735177866	0.00123502289533631	0.000974043114660624	-2.45678955478081
9606.ENSP00000311313	CST6	2	0	0.21744966442953	0.00282262501135857	0.000888850265706342	-2.45782369117566
9606.ENSP00000406026	SH2D5	2	0	0.21259842519685	0.00278934424223659	0.000944802386533073	-2.46017250827484
9606.ENSP00000273666	STXBP5L	2	0	0.181410974244121	0.000204459617961497	0.00136915152748227	-2.46815647286106
9606.ENSP00000486230	SYT14	2	0	0.181410974244121	0.000204459617961495	0.00136915152748227	-2.46815647286106
9606.ENSP00000370962	GGT6	2	0	0.205975842339479	0.00076204199700712	0.0010421248636567	-2.47309520103758
9606.ENSP00000443647	AUNIP	2	0	0.214427531436135	0.00146609051585509	0.000898749855852534	-2.48432711470045
9606.ENSP00000428480	DLX6	2	0	0.211626387981711	0.00130560859264639	0.000913009662979155	-2.49562382443263
9606.ENSP00000369349	KRT81	2	0	0.210663198959688	0.00346990863686228	0.000864900626778816	-2.50261792143266
9606.ENSP00000304250	CDK5R2	2	0	0.206632653061224	0.00292698034047631	0.000924239914731376	-2.50358936970429
9606.ENSP00000385143	UNC5D	2	0	0.204545454545455	0.00088389473419395	0.000954027325121786	-2.52198673921116
9606.ENSP00000253968	BARX1	2	0	0.200867947923125	0.00118686942631122	0.000992160441970793	-2.52254342624732
9606.ENSP00000368253	NR0B1	2	0	0.202753441802253	0.000521558124371663	0.000977366534969872	-2.52505685352536
9606.ENSP00000382083	COL25A1	2	0	0.201743462017435	0.00188442324310822	0.000946828743975809	-2.53194651016947
9606.ENSP00000270560	TM4SF5	2	0	0.168224299065421	3.88156986261565e-05	0.0013935775605108	-2.53570634231462
9606.ENSP00000363345	SLC46A2	2	0	0.177631578947368	0.000219021469542039	0.00126115101403127	-2.54133034060804
9606.ENSP00000295269	SLC9A4	2	0	0.177631578947368	0.000219021469542042	0.00126115101403127	-2.54133034060804
9606.ENSP00000358820	EPS8L3	2	0	0.196482716798059	0.000469086262921096	0.00100952167023624	-2.54719768040006
9606.ENSP00000321951	FAIM2	2	0	0.182741116751269	0.00100256169904266	0.00115897662203231	-2.55191019543544
9606.ENSP00000363259	C10orf71	2	0	0.15929203539823	1.43252486790075e-05	0.001446888955153	-2.56319335439282
9606.ENSP00000386213	MYO3B	2	0	0.15929203539823	1.43252486790073e-05	0.001446888955153	-2.56319335439282
9606.ENSP00000474621	SLC22A31	2	0	0.174757281553398	0.00013358536468534	0.00123593443303923	-2.57099707275162
9606.ENSP00000340943	CRHR2	2	0	0.171974522292994	0.00016571403993401	0.00126373407444561	-2.57387014928101
9606.ENSP00000457205	INSYN1	2	0	0.160316674913409	1.51718686596208e-05	0.00137761732843398	-2.58995035067821
9606.ENSP00000348460	NPAS3	2	0	0.195416164053076	0.00115589953179416	0.000904066385137214	-2.59657189128254
9606.ENSP00000450958	TMEM179	2	0	0.140077821011673	4.01332128891218e-06	0.00161367392384759	-2.59723999189688
9606.ENSP00000378504	NXF3	2	0	0.198529411764706	0.00084275748969067	0.000868305245911015	-2.59830822175691
9606.ENSP00000444425	ADGRD1	2	0	0.174851592012952	0.000170127643736566	0.00117286401595412	-2.59993119804875
9606.ENSP00000297313	RGS20	2	0	0.174851592012952	0.000170127643736568	0.00117286401595412	-2.59993119804875
9606.ENSP00000296486	ETNPPL	2	0	0.195652173913043	0.00258469074744059	0.000863383575823783	-2.60029010334583
9606.ENSP00000307342	HCN1	2	0	0.18567335243553	0.000158103640552	0.00101794790025972	-2.60979292647849
9606.ENSP00000349324	TNFRSF10C	0	0	NA	3.92773427917653e-20	0.000420109228401381	NA
9606.ENSP00000333300	HSD17B13	0	0	NA	3.92773427917653e-20	0.000420109228401381	NA
9606.ENSP00000341914	PTCHD4	0	0	NA	3.92773427917653e-20	0.000420109228401381	NA
9606.ENSP00000353864	PAK3	0	0	NA	3.92773427917653e-20	0.000420109228401381	NA
9606.ENSP00000407118	SYBU	0	0	NA	3.92773427917653e-20	0.000420109228401381	NA
9606.ENSP00000310490	SLC16A11	0	0	NA	3.92773427917653e-20	0.000420109228401381	NA
9606.ENSP00000283713	VILL	0	0	NA	3.92773427917653e-20	0.000420109228401381	NA
9606.ENSP00000362328	KCNK17	0	0	NA	3.92773427917653e-20	0.000420109228401381	NA
9606.ENSP00000221856	FSD1	0	0	NA	3.92773427917653e-20	0.000420109228401381	NA
9606.ENSP00000328070	GLTPD2	0	0	NA	3.92773427917653e-20	0.000420109228401381	NA
9606.ENSP00000265342	FSTL4	0	0	NA	3.92773427917653e-20	0.000420109228401381	NA
9606.ENSP00000384370	STEAP1B	0	0	NA	3.92773427917653e-20	0.000420109228401381	NA
9606.ENSP00000288025	TMED6	0	0	NA	3.92773427917653e-20	0.000420109228401381	NA
9606.ENSP00000389356	RPL39L	0	0	NA	3.92773427917653e-20	0.000420109228401381	NA
9606.ENSP00000382330	RNF222	0	0	NA	3.92773427917653e-20	0.000420109228401381	NA
9606.ENSP00000327459	APOBEC3B	0	0	NA	3.92773427917653e-20	0.000420109228401381	NA
9606.ENSP00000386834	AFF3	0	0	NA	3.92773427917653e-20	0.000420109228401381	NA
9606.ENSP00000313079	SHISA2	0	0	NA	3.92773427917653e-20	0.000420109228401381	NA
9606.ENSP00000359942	KLHL31	0	0	NA	3.92773427917653e-20	0.000420109228401381	NA
9606.ENSP00000341236	ZNF695	0	0	NA	3.92773427917653e-20	0.000420109228401381	NA
9606.ENSP00000499770	LINC00634	0	0	NA	3.92773427917653e-20	0.000420109228401381	NA
9606.ENSP00000383456	C9orf152	0	0	NA	3.92773427917653e-20	0.000420109228401381	NA
9606.ENSP00000395244	TMEM229A	0	0	NA	3.92773427917653e-20	0.000420109228401381	NA
9606.ENSP00000372067	PRMT8	0	0	NA	3.92773427917653e-20	0.000420109228401381	NA
9606.ENSP00000297325	SUN3	0	0	NA	3.92773427917653e-20	0.000420109228401381	NA
9606.ENSP00000384604	ALKAL2	0	0	NA	3.92773427917653e-20	0.000420109228401381	NA
9606.ENSP00000232892	AADAC	0	0	NA	3.92773427917653e-20	0.000420109228401381	NA
9606.ENSP00000264072	FCER2	0	0	NA	3.92773427917653e-20	0.000420109228401381	NA
9606.ENSP00000216144	CABP7	0	0	NA	3.92773427917653e-20	0.000420109228401381	NA
9606.ENSP00000264059	EFHD1	0	0	NA	3.92773427917653e-20	0.000420109228401381	NA
9606.ENSP00000498616	MYT1	0	0	NA	3.92773427917653e-20	0.000420109228401381	NA
9606.ENSP00000344674	DHRS2	0	0	NA	3.92773427917653e-20	0.000420109228401381	NA
9606.ENSP00000318999	C11orf16	0	0	NA	3.92773427917653e-20	0.000420109228401381	NA
9606.ENSP00000360855	SLC16A12	0	0	NA	3.92773427917653e-20	0.000420109228401381	NA
9606.ENSP00000427820	C8orf34	0	0	NA	3.92773427917653e-20	0.000420109228401381	NA
9606.ENSP00000330247	NT5DC4	0	0	NA	3.92773427917653e-20	0.000420109228401381	NA
9606.ENSP00000427555	C4orf54	0	0	NA	3.92773427917653e-20	0.000420109228401381	NA
9606.ENSP00000464162	GREB1L	0	0	NA	3.92773427917653e-20	0.000420109228401381	NA
9606.ENSP00000236495	SLC5A9	0	0	NA	3.92773427917653e-20	0.000420109228401381	NA
9606.ENSP00000341490	ISM2	0	0	NA	3.92773427917653e-20	0.000420109228401381	NA
9606.ENSP00000403954	TENM1	0	0	NA	3.92773427917653e-20	0.000420109228401381	NA
9606.ENSP00000304127	KCNG3	0	0	NA	3.92773427917653e-20	0.000420109228401381	NA
9606.ENSP00000356842	GPA33	0	0	NA	3.92773427917653e-20	0.000420109228401381	NA
9606.ENSP00000405012	WDR87	0	0	NA	3.92773427917653e-20	0.000420109228401381	NA
9606.ENSP00000295150	FAM228A	0	0	NA	3.92773427917653e-20	0.000420109228401381	NA
9606.ENSP00000329943	LRRC36	0	0	NA	3.92773427917653e-20	0.000420109228401381	NA
9606.ENSP00000428280	FER1L6	0	0	NA	3.92773427917653e-20	0.000420109228401381	NA
9606.ENSP00000345853	DUSP9	0	0	NA	3.92773427917653e-20	0.000420109228401381	NA
9606.ENSP00000312942	SEZ6	0	0	NA	3.92773427917653e-20	0.000420109228401381	NA
9606.ENSP00000362841	NKAIN1	0	0	NA	3.92773427917653e-20	0.000420109228401381	NA
9606.ENSP00000359629	CRTAC1	0	0	NA	3.92773427917653e-20	0.000420109228401381	NA
9606.ENSP00000410852	TMEM132C	0	0	NA	3.92773427917653e-20	0.000420109228401381	NA
9606.ENSP00000490424	AC007906.2	0	0	NA	3.92773427917653e-20	0.000420109228401381	NA
9606.ENSP00000356404	B3GALT2	0	0	NA	3.92773427917653e-20	0.000420109228401381	NA
9606.ENSP00000354536	ASTN1	0	0	NA	3.92773427917653e-20	0.000420109228401381	NA
9606.ENSP00000386942	ST6GAL2	0	0	NA	3.92773427917653e-20	0.000420109228401381	NA
9606.ENSP00000219599	CRYM	0	0	NA	3.92773427917653e-20	0.000420109228401381	NA
9606.ENSP00000490917	SERTM2	0	0	NA	3.92773427917653e-20	0.000420109228401381	NA
9606.ENSP00000413660	ZNF492	0	0	NA	3.92773427917653e-20	0.000420109228401381	NA
9606.ENSP00000336661	LRRC71	0	0	NA	3.92773427917653e-20	0.000420109228401381	NA
9606.ENSP00000469998	ZNF114	0	0	NA	3.92773427917653e-20	0.000420109228401381	NA
9606.ENSP00000334785	TESC	0	0	NA	3.92773427917653e-20	0.000420109228401381	NA
9606.ENSP00000315203	CREG2	0	0	NA	3.92773427917653e-20	0.000420109228401381	NA
9606.ENSP00000318974	FAM133A	0	0	NA	3.92773427917653e-20	0.000420109228401381	NA
9606.ENSP00000365529	GPR158	0	0	NA	3.92773427917653e-20	0.000420109228401381	NA
9606.ENSP00000408581	TMEM132D	0	0	NA	3.92773427917653e-20	0.000420109228401381	NA
9606.ENSP00000357575	CFAP46	0	0	NA	3.92773427917653e-20	0.000420109228401381	NA
9606.ENSP00000333915	CFAP73	0	0	NA	3.92773427917653e-20	0.000420109228401381	NA
9606.ENSP00000405423	HHATL	0	0	NA	3.92773427917653e-20	0.000420109228401381	NA
9606.ENSP00000266682	SLC6A15	0	0	NA	3.92773427917653e-20	0.000420109228401381	NA
9606.ENSP00000400252	DNAI2	0	0	NA	3.92773427917653e-20	0.000420109228401381	NA
9606.ENSP00000270509	FBN3	0	0	NA	3.92773427917653e-20	0.000420109228401381	NA
9606.ENSP00000293405	IZUMO2	0	0	NA	3.92773427917653e-20	0.000420109228401381	NA
9606.ENSP00000215812	SEC14L3	0	0	NA	3.92773427917653e-20	0.000420109228401381	NA
9606.ENSP00000441381	MSLNL	0	0	NA	3.92773427917653e-20	0.000420109228401381	NA
9606.ENSP00000390661	CLEC2L	0	0	NA	3.92773427917653e-20	0.000420109228401381	NA
9606.ENSP00000267594	FAM181A	0	0	NA	3.92773427917653e-20	0.000420109228401381	NA
9606.ENSP00000475626	DUSP13	0	0	NA	3.92773427917653e-20	0.000420109228401381	NA
9606.ENSP00000307822	NPFFR2	0	0	NA	3.92773427917653e-20	0.000420109228401381	NA
9606.ENSP00000481684	FADS6	0	0	NA	3.92773427917653e-20	0.000420109228401381	NA
9606.ENSP00000392368	CCDC198	0	0	NA	3.92773427917653e-20	0.000420109228401381	NA
9606.ENSP00000490577	C11orf97	0	0	NA	3.92773427917653e-20	0.000420109228401381	NA
9606.ENSP00000360210	C20orf85	0	0	NA	3.92773427536708e-20	0.000420109228401381	NA
9606.ENSP00000498451	CR589904.2	0	0	NA	3.92773427536708e-20	0.000420109228401381	NA
9606.ENSP00000269945	DMRTC2	0	0	NA	3.92773427536708e-20	0.000420109228401381	NA
9606.ENSP00000497112	HOXA13	0	0	NA	4.32507094822348e-20	0.000420109228401381	NA
9606.ENSP00000382770	KCNU1	0	0	NA	4.32507094822348e-20	0.000420109228401381	NA
