gene_id	gene_name	gene_type	baseMean	log2FoldChange	lfcSE	stat	pvalue	padj
1970	PGC	protein_coding	76211.2628347824	-5.03452979271482	0.263926230696433	-19.0755188653663	4.03398954287717e-81	9.60654269740769e-77
5942	EDA2R	protein_coding	164.346371081428	-2.10360784893525	0.112984555217938	-18.6185434361144	2.27313215696077e-77	2.70661845929319e-73
13621	GKN2	protein_coding	772.227275877967	-4.09418923413696	0.231426583914482	-17.6910930666888	4.91134039192762e-70	3.89862200311215e-66
7227	COL2A1	protein_coding	139.403346319691	4.08088884023697	0.241963447710109	16.8657244673013	8.04101341661476e-64	4.7872173375816e-60
1037	PLA2G10	protein_coding	285.336586102426	-2.150427459743	0.155999182386638	-13.7848636566136	3.14359938324531e-43	1.49723351425208e-39
7355	DUOX2	protein_coding	584.587833630992	-2.30878620619005	0.17189288738503	-13.431540078901	3.95108049113567e-41	1.56818384693175e-37
6575	FAIM2	protein_coding	270.862399865326	-2.10892897746393	0.157872762244226	-13.3584093132003	1.05800927497303e-40	3.59934755345826e-37
12210	TNFRSF10C	protein_coding	145.342130348437	-1.30621970430659	0.0989538631797996	-13.2002901385789	8.73977833393335e-40	2.60161351555361e-36
6354	REG4	protein_coding	159.637339027084	-3.95876946128607	0.302896641942545	-13.0697040280724	4.90560187507044e-39	1.29802225614364e-35
11673	HSD17B13	protein_coding	102.807131616915	-2.13089541795713	0.168976610730393	-12.6105939085086	1.84596664437914e-36	3.99634996993135e-33
5355	PCSK2	protein_coding	894.984424608588	-3.40408987395205	0.277705162984596	-12.257927931073	1.52345732520849e-34	3.02330106187625e-31
7354	DUOXA2	protein_coding	60.0103385879923	-2.25689233225044	0.185177419968856	-12.1877296520818	3.61348487875398e-34	6.61934837712671e-31
5506	AUNIP	protein_coding	137.82695561986	1.12734566252204	0.0951556757111838	11.8473822406953	2.22018349132329e-32	3.34530428163774e-29
10783	ASPG	protein_coding	196.952828609652	-2.37565578499659	0.200539005635035	-11.8463526707622	2.24762192433878e-32	3.34530428163774e-29
177	CACNA2D2	protein_coding	2474.01513922842	-1.79381368901367	0.15394728780441	-11.6521292099196	2.23796213623607e-31	2.80499106906978e-28
8651	NPAS3	protein_coding	193.704258118747	-2.17947129935075	0.189772447132083	-11.4846561357446	1.57561112099513e-30	1.70552741978991e-27
4624	SLC46A2	protein_coding	238.636716095515	-1.83485103549027	0.161627910272618	-11.352315527655	7.2224294836332e-30	7.16645565513504e-27
7002	DUOX1	protein_coding	2016.68559346691	-1.44136338848078	0.130192887076806	-11.0709841439377	1.73484818304675e-28	1.53013609744723e-25
13850	MUC6	protein_coding	962.966137703304	-2.94489112082274	0.267498262599607	-11.0090102724542	3.45781302630611e-28	2.94086997887334e-25
19175	PTCHD4	protein_coding	94.5050214730296	-1.63055532297107	0.148480942073542	-10.9815798593429	4.68655083953794e-28	3.84846626526746e-25
1359	RBFOX1	protein_coding	37.5945893388086	-3.07383483682351	0.280664584841595	-10.9519868299678	6.50058736451564e-28	5.16016624995252e-25
1318	PAK3	protein_coding	297.031744935672	-1.92025511867307	0.175781299938623	-10.9241149049618	8.83980055344779e-28	6.47149608094153e-25
5001	CIT	protein_coding	6899.58777096165	-1.41623904367988	0.130606437035719	-10.843562352846	2.139733648559e-27	1.45587477447955e-24
4223	ODC1	protein_coding	15716.2182442075	-1.50033323482225	0.140007218936986	-10.7161133991063	8.55219690825055e-27	5.50437884251564e-24
1108	TRIP13	protein_coding	1088.64224472012	1.08388744034915	0.101722809527972	10.655303814147	1.6470598529705e-26	1.00572008560614e-23
7774	SELENBP1	protein_coding	9635.65283960035	-1.16238492353382	0.109771324095773	-10.5891491526481	3.34619458608664e-26	1.99215694682668e-23
8314	SYBU	protein_coding	1532.18024751375	-1.46643463543357	0.13884653109385	-10.5615503958278	4.49180793280306e-26	2.60897351492127e-23
3944	PDE4D	protein_coding	3045.60718492261	-1.15229284780937	0.109333495292638	-10.5392482397566	5.6952324914656e-26	3.22919682266099e-23
6819	ALDOB	protein_coding	95.5536955050403	-2.03436201049411	0.193432273950853	-10.5171798322083	7.19963434338406e-26	3.98725795938018e-23
16138	GPC2	protein_coding	142.251865966719	1.48319708208935	0.141204512774017	10.5038929206395	8.28896443220501e-26	4.48621361337568e-23
7685	KIF2C	protein_coding	1052.243039001	1.04032549106276	0.100122742686475	10.3905013301567	2.73909556199213e-25	1.44952937140623e-22
7652	PADI3	protein_coding	89.1031216927794	3.04952077632276	0.293674112414177	10.3840299413996	2.93134035606952e-25	1.51754215737912e-22
7348	DUOXA1	protein_coding	556.624320743864	-1.35271499574456	0.130580580882834	-10.3592355509455	3.7998674164774e-25	1.92532005651048e-22
12326	SLC16A11	protein_coding	136.870002860211	-1.31981733451983	0.127881174266076	-10.3206538577269	5.6834778074128e-25	2.81971542720267e-22
10025	SPATA18	protein_coding	592.734271174179	-1.39100299108059	0.134896263651199	-10.3116495107478	6.24206278717008e-25	2.97296966427336e-22
2737	SCG3	protein_coding	52.6268621823134	1.98422687093499	0.192497394295165	10.3078115846726	6.49637450367151e-25	3.03342475353791e-22
12498	LPL	protein_coding	2728.49258432854	-1.48348455523432	0.144000415632167	-10.3019463431531	6.90498614622465e-25	3.12612582327248e-22
12352	SLC26A9	protein_coding	2835.14375365325	-1.72027241359402	0.167842080847379	-10.2493510859073	1.19140688718424e-24	5.15857520207374e-22
3092	CRHR2	protein_coding	42.4848862668473	-1.71661886477903	0.168077786818213	-10.2132405315145	1.72988967436877e-24	7.19367432460498e-22
6683	VILL	protein_coding	1115.16753167021	-1.39900661601502	0.136996261633951	-10.2120057827061	1.75204968013391e-24	7.19367432460498e-22
3867	TTK	protein_coding	523.100218444282	1.05597632743504	0.103800694408428	10.1731142884272	2.61414155072445e-24	1.05513842184664e-21
1319	CAPN6	protein_coding	397.251029061126	-2.19158380100273	0.216728630688852	-10.112110218373	4.8821193349995e-24	1.87520628780126e-21
217	RHOBTB2	protein_coding	4446.64001644656	-1.02730901604218	0.101873956615973	-10.0841181609815	6.4945706164016e-24	2.3794108409075e-21
9402	AHCYL2	protein_coding	8128.32163700737	-1.09489633627704	0.108952490411904	-10.0493006826892	9.25216461116522e-24	3.28047222822996e-21
11358	SFTPB	protein_coding	437780.185052685	-1.63911168726632	0.163129947274726	-10.0478895178327	9.3855900662043e-24	3.28047222822996e-21
16932	SFTA1P	lncRNA	1020.31102469435	-1.57413875941081	0.156822798801109	-10.0376907659148	1.040821907647e-23	3.54087612981508e-21
5222	KCNK17	protein_coding	115.032724336422	-1.42953906570814	0.142684661107127	-10.0188699655308	1.25934549739889e-23	4.22395122183904e-21
19648	AC093866.1	lncRNA	25.4971655478743	-2.32546405006409	0.233047959139936	-9.97847850136177	1.89347898848817e-23	6.26268175442461e-21
15332	PNMA5	protein_coding	25.6076658872622	2.22661975129251	0.223188286033161	9.97641852476828	1.93319039308456e-23	6.30643781108435e-21
6843	CTSV	protein_coding	467.490406430875	1.40127445665503	0.141161777807215	9.9267271808432	3.18539388028848e-23	9.72525254681921e-21
3562	UPK2	protein_coding	27.2155226428236	1.5098742130338	0.152211894636705	9.91955468813741	3.4227982652635e-23	1.03177870745551e-20
8226	NLGN4X	protein_coding	130.885906798725	1.53910379283558	0.15550746964773	9.89729815758761	4.27672809252867e-23	1.25735805920343e-20
9493	CBR1	protein_coding	6813.25236236639	-1.36179365073116	0.138494129231958	-9.83286192911716	8.12756003423248e-23	2.25057807738619e-20
2913	FSD1	protein_coding	41.2980540683201	1.43572647789972	0.146185249198357	9.82128146152144	9.11770420314216e-23	2.49573572291526e-20
9145	WIF1	protein_coding	1478.13201477132	-2.1515747215748	0.219476335886297	-9.80321961766964	1.09053089632598e-22	2.91796660282099e-20
13429	GLTPD2	protein_coding	109.871887107133	-1.55172316925547	0.1585439562018	-9.78733725605023	1.27612234591449e-22	3.37661972728974e-20
5060	HJURP	protein_coding	780.331250034545	1.01059788476176	0.104976381939303	9.62690717752194	6.15542816403473e-22	1.48066026563963e-19
6360	CHIA	protein_coding	545.770032418018	-2.00040553795529	0.207940287398018	-9.62009605250915	6.57697184718866e-22	1.55073274820743e-19
2729	OCA2	protein_coding	58.0160582157183	-1.71609677715802	0.178858833596966	-9.59469958875509	8.41619135482879e-22	1.94585612547469e-19
18420	RPL26P30	transcribed_processed_pseudogene	86.8598388937604	-1.63257231786974	0.170401089801609	-9.58076218743954	9.63313852284233e-22	2.20580346906699e-19
6192	SLC14A2	protein_coding	378.797518482102	-2.57747078945441	0.269254588379628	-9.57261603215606	1.04234209776776e-21	2.36403187773729e-19
8266	NXF3	protein_coding	49.6913307740728	-1.58382855189522	0.166548687201566	-9.5097030094172	1.91207638529274e-21	4.25553149900572e-19
19158	ODCP	processed_pseudogene	12.8339554528961	1.14344665628548	0.120598439307991	9.48143825779774	2.50802025800853e-21	5.42963585674684e-19
12435	UBE2C	protein_coding	1963.81279860835	1.13558373977304	0.11997381762241	9.46526302386268	2.92823168249256e-21	6.28224407989891e-19
677	FSTL4	protein_coding	986.076437074874	-1.72877448465932	0.18269861469031	-9.46243893304685	3.00842769847258e-21	6.39666939387733e-19
9594	TFF1	protein_coding	1573.30862521112	-2.86061298738514	0.30352376915109	-9.42467535701022	4.31438124601528e-21	8.70700635530575e-19
20831	LINC02188	lncRNA	31.5728622605813	-2.09942648341393	0.223362039415989	-9.39920896542299	5.4974809398568e-21	1.09097509251458e-18
3048	STEAP1B	protein_coding	85.2393046300489	1.42747826154059	0.15211110425909	9.38444480101323	6.32487770069481e-21	1.24479865755658e-18
11367	PLA2G4F	protein_coding	709.671942964324	-1.25623504480871	0.134319055774835	-9.35261968275441	8.55032280013432e-21	1.65145786542027e-18
9274	TMED6	protein_coding	87.3002714258605	-1.32056411265414	0.141681517919348	-9.32065192445127	1.15627632198226e-20	2.15121596341293e-18
8427	INA	protein_coding	181.122484573519	2.20479277268657	0.236598657252139	9.31870365746396	1.17770365337957e-20	2.17409572105279e-18
19892	RBPMS-AS1	lncRNA	124.103940327064	-1.04859221128797	0.112615335335592	-9.31127371030934	1.26308429858282e-20	2.31377611434241e-18
23561	AL353138.1	lncRNA	8.11306295169957	-1.56909024208833	0.168958562925336	-9.28683468254715	1.58944835374014e-20	2.88939870961586e-18
18810	CDKN2B-AS1	lncRNA	104.475724992394	1.30045160075958	0.140402383919396	9.26231851950718	2.00040417800889e-20	3.55504664888834e-18
17021	MTND1P23	unprocessed_pseudogene	236.714203288155	2.0682043149878	0.223371360583944	9.25903978728981	2.06278863203955e-20	3.63875914691777e-18
10258	RPL39L	protein_coding	777.109363433269	1.0265487805864	0.11111019979363	9.23901480235884	2.48777218446484e-20	4.35616226476807e-18
17452	AL136452.1	processed_pseudogene	14.8487095780594	-1.48629150895708	0.1610856529641	-9.22671561127995	2.79057292647422e-20	4.81555823703312e-18
1380	BPIFB2	protein_coding	722.67922666684	-2.59760335802785	0.28338204937098	-9.1664357844603	4.88917205125279e-20	8.14201001598139e-18
8340	CDKN2A	protein_coding	1022.22656027761	1.51394262147008	0.16517674989991	9.16559153989569	4.92759660543791e-20	8.14901288624294e-18
21536	LINC00664	lncRNA	42.8687671228028	1.50595925067025	0.164741305926149	9.14135797457712	6.16729569198654e-20	9.92351213574104e-18
17120	LINC01108	lncRNA	50.2773609982734	-2.17305002974655	0.238190994372947	-9.12314101323285	7.29779227758798e-20	1.15859750198987e-17
14640	GREB1	protein_coding	547.044305589649	-1.29306501608439	0.142290071082456	-9.08752807731094	1.01316245273592e-19	1.58733227956929e-17
14536	RNF222	protein_coding	9.95414173547424	1.61941746678211	0.178904358015419	9.05186147920746	1.40551527002676e-19	2.10509060631556e-17
13095	APOBEC3B	protein_coding	272.757182160918	1.15416619844583	0.128165593152837	9.00527333470458	2.15129244584644e-19	3.14299866904215e-17
18020	UICLM	lncRNA	38.755540128085	-1.88525053847612	0.209349032701686	-9.00529853970013	2.15079832494755e-19	3.14299866904215e-17
17122	LINC01535	lncRNA	54.2882400081602	1.27342308971526	0.141822982485849	8.97896143061525	2.73334564760646e-19	3.8977181588084e-17
7907	AFF3	protein_coding	375.773404628509	-1.23380173276447	0.137857474239943	-8.9498356151297	3.56012123400295e-19	4.98710159214978e-17
10374	SCGB3A2	protein_coding	17961.1096108535	-1.95347505724578	0.218640591746989	-8.93464036863904	4.0850473217419e-19	5.59088028275642e-17
6401	ERN2	protein_coding	1193.64058531867	-1.89358177881327	0.212569992341789	-8.90803898495979	5.19431340687226e-19	6.94929098153123e-17
12345	GALNTL6	protein_coding	105.283068492043	-1.6760613365788	0.188534018139255	-8.88996772635918	6.11266611628269e-19	8.087057271842e-17
6328	PEBP4	protein_coding	1163.52253610301	-1.7048366934744	0.191923824152685	-8.88288205490385	6.51500289111681e-19	8.54688204539885e-17
1840	SLC26A4	protein_coding	270.201962512034	-1.64700073493324	0.185505730914311	-8.87843586726718	6.78070738806814e-19	8.82381233548933e-17
2331	MYBL2	protein_coding	2618.76332961065	1.06950274146468	0.120612460667394	8.86726574971379	7.49638576508165e-19	9.64967192484618e-17
6625	CAPN9	protein_coding	420.505363516703	-1.44106465956454	0.162724799176208	-8.85583922585811	8.30565219968328e-19	1.06339140582397e-16
11757	PLAC1	protein_coding	45.8187407086852	1.53893619101821	0.174305601112413	8.82895432617636	1.05658854482913e-18	1.29698967044128e-16
13222	SHISA2	protein_coding	871.29462962568	-1.50590678292411	0.170811898998226	-8.81617025368794	1.18441338386338e-18	1.43175737681841e-16
5216	KLHL31	protein_coding	60.8007671568597	1.02755763624223	0.116696084691133	8.80541655670738	1.30367492589053e-18	1.56008616508327e-16
20989	AC129507.2	lncRNA	42.2890146688125	-1.30960080084243	0.148766735082296	-8.80304861243324	1.33148851392919e-18	1.58540337353549e-16
9780	AQP5	protein_coding	3709.25877465115	-1.90992044672126	0.217786504209232	-8.76969146300434	1.79156528568497e-18	2.11209582739119e-16
13175	MEIOC	protein_coding	73.6554457372407	1.44028158315087	0.164607260676489	8.74980591519305	2.13720000029172e-18	2.48269662472912e-16
20286	AC089983.1	lncRNA	24.5994176118103	1.77788840343051	0.20357769403463	8.73321810555569	2.47527126647989e-18	2.78047688396001e-16
14946	ZNF695	protein_coding	41.9455436072335	1.41402333094205	0.162733389290797	8.68920224119006	3.64993396139576e-18	3.95088760712176e-16
16403	MUC5AC	protein_coding	8895.05072764616	-2.51481915365009	0.290895400123512	-8.64509769691209	5.37592810864262e-18	5.61501543768489e-16
15778	LINC00634	protein_coding	11.4600036443362	1.21488938870457	0.140580437466958	8.64195197137667	5.5260660517603e-18	5.72164073724433e-16
6362	HMGCS2	protein_coding	164.086038905067	-2.32786412345722	0.269839646209886	-8.62684248276313	6.30689418852617e-18	6.39116503002392e-16
16923	LHFPL3-AS2	lncRNA	283.791883582508	-1.63896197012289	0.19049395547031	-8.6037479041078	7.71543459961142e-18	7.65563998146443e-16
6725	DGKB	protein_coding	17.9475542276083	1.76497756467027	0.20621515066075	8.55891314976116	1.13936505828047e-17	1.09406610878593e-15
10939	MYO1A	protein_coding	35.5742287314492	-1.34593158662385	0.157387298140988	-8.55171670472517	1.21271131086331e-17	1.14601218876583e-15
14518	C9orf152	protein_coding	1221.57350972696	-1.06591879705572	0.12498341889847	-8.52848166940943	1.48280988481297e-17	1.36607746451349e-15
11339	SHOX2	protein_coding	98.9212657602213	1.35143718950615	0.15863127481146	8.51936158939901	1.60435216162734e-17	1.4694631683459e-15
18127	TMEM229A	protein_coding	60.4461087226894	-2.72359693763912	0.31976475388014	-8.51750202168945	1.63031508180218e-17	1.48752196774089e-15
4777	SOHLH2	protein_coding	42.7817908542649	1.90200283495772	0.223786588437037	8.49918151146423	1.90932151285763e-17	1.68402157434043e-15
13811	CLDN6	protein_coding	1067.47818802807	2.30124334751556	0.271521062918596	8.47537691101883	2.34319649728315e-17	2.05150299214342e-15
21312	NAGPA-AS1	lncRNA	22.6438727358987	-1.21492093915898	0.143626473904241	-8.45889275238349	2.69928139340425e-17	2.34601047819448e-15
21231	GATA6-AS1	lncRNA	50.3521371786024	-1.29414585113868	0.153014484588375	-8.45766892343601	2.72775241231626e-17	2.35357594010505e-15
3643	PRMT8	protein_coding	85.1452924111743	-1.63817430210747	0.194299907614499	-8.43116356677683	3.42244982783138e-17	2.87993710953981e-15
20218	HP	protein_coding	3670.5559105527	-1.78908811371369	0.212354142222628	-8.42502102849517	3.60685465603714e-17	3.0138118168024e-15
23384	AC006452.1	lncRNA	7.7245681386626	1.26580119361254	0.150236161752031	8.42540956086045	3.59490562149977e-17	3.0138118168024e-15
23310	LINC02478	lncRNA	122.709728197942	-1.07723280877639	0.128922241899976	-8.35567853072367	6.50576589154669e-17	5.18659992706465e-15
17603	NFE4	lncRNA	62.5739447840077	2.05085560162496	0.24553543237505	8.35258513114441	6.67848972930306e-17	5.30138514712077e-15
12490	SCUBE2	protein_coding	907.302363851197	-1.21000138271199	0.145186161819342	-8.33413713503644	7.80654024483841e-17	6.11529438784809e-15
19810	AC110741.1	lncRNA	14.9958091423634	-1.96234244183892	0.236072752938835	-8.31244782555381	9.37478734567123e-17	7.27202559771383e-15
3681	ADGRD1	protein_coding	1720.25146775434	-1.0621550969336	0.128241357190275	-8.28246924553087	1.20647122020908e-16	9.17920307925207e-15
933	CLDN18	protein_coding	3646.56759319065	-1.85567772946854	0.224887521365853	-8.25158158264225	1.5631187090112e-16	1.17426211155813e-14
17180	LINC00629	lncRNA	13.0777638570481	1.20118249221738	0.145697230864017	8.24437420734838	1.66026814597995e-16	1.23942400088923e-14
9351	SLC30A2	protein_coding	54.1802051562737	1.60714516888197	0.195023613957441	8.24077216225051	1.71102779544961e-16	1.26935875142794e-14
20362	DIO3OS	lncRNA	101.881202251846	-1.32068768221055	0.16028175987048	-8.23978775425079	1.72516416825485e-16	1.27587141313109e-14
10483	SUN3	protein_coding	49.6474462118436	1.97342461463737	0.239588342562274	8.23673052508569	1.76980497342057e-16	1.30080665546412e-14
8895	C16orf89	protein_coding	11640.8676668687	-1.40820695301384	0.171132710503677	-8.22874217833173	1.89189486505603e-16	1.38336116526785e-14
16687	LINC01208	lncRNA	12.3142177935617	1.4368721540578	0.174638234433123	8.22770660000026	1.90831806328784e-16	1.38550873046148e-14
16886	LINC00337	lncRNA	35.0397340156734	1.12468504026086	0.137079109219316	8.20464217097775	2.31278685199446e-16	1.64408077890734e-14
21091	MSMB	protein_coding	1977.10866274294	-2.1213887223762	0.259507050210916	-8.17468627789506	2.96636701093624e-16	2.03576553309613e-14
18417	MYO16-AS1	lncRNA	20.5533739398835	-1.88447556609573	0.231074204276643	-8.15528315674573	3.48362730743796e-16	2.36350714243099e-14
26	WNT16	protein_coding	30.295214670514	1.3793383697316	0.169243583599419	8.15001869138117	3.63868027466556e-16	2.46169125172971e-14
2840	CKM	protein_coding	77.7977544184802	1.43108114582848	0.17569292891093	8.14535425357946	3.7817310006457e-16	2.54401531212929e-14
1437	CPB2	protein_coding	274.596771748038	-1.75784439158477	0.21586007606804	-8.14344376970706	3.84190973179816e-16	2.57721798177582e-14
4921	OBP2A	protein_coding	26.9125582071654	-2.11541741612347	0.261930799026983	-8.07624542047668	6.6791390610075e-16	4.28725114821651e-14
21032	TMPOP2	processed_pseudogene	7.08823067147115	1.02421096481444	0.127245327204604	8.04910472796818	8.34018589283371e-16	5.25431711248524e-14
6289	SFTPD	protein_coding	8677.74217763819	-1.35086824878726	0.168028119385853	-8.03953679732126	9.01787038152311e-16	5.60709047690839e-14
2755	CA2	protein_coding	1220.315116428	-1.12280463444426	0.13974132245097	-8.03487912344761	9.36712033886682e-16	5.77897937175581e-14
14577	ALKAL2	protein_coding	38.3606504667757	-1.10152046536682	0.137215329767886	-8.0276778639104	9.93348954157869e-16	6.09680721502976e-14
8867	BMP6	protein_coding	750.63935286378	-1.31887234548035	0.164511191275449	-8.01691565938573	1.08433521686524e-15	6.57057477211932e-14
3354	RASD1	protein_coding	4834.37336294952	-1.20135826005685	0.149883573999762	-8.01527631079007	1.09889690049228e-15	6.64191136759471e-14
4297	CHD5	protein_coding	14.3272885548147	1.17309138238397	0.146745315364051	7.99406358883568	1.3056236612075e-15	7.79251174636474e-14
18610	AL109615.3	lncRNA	178.509564799183	1.06112991925335	0.132890100049972	7.98501858945337	1.40501131132637e-15	8.30246634439856e-14
19157	LINC01213	lncRNA	8.29839404640008	1.67742678060669	0.21020493144249	7.97995921929937	1.46381645810479e-15	8.60724077365618e-14
12910	CALML5	protein_coding	54.9990054433619	2.6854853555101	0.337384051143135	7.9597282278491	1.72417563934907e-15	9.96590259113078e-14
4726	INSL6	protein_coding	14.5700781877397	1.40285997253409	0.176419485599595	7.95184255166716	1.83757704986611e-15	1.05700627694472e-13
4075	AADAC	protein_coding	233.985657587069	-1.62406064746391	0.204759159300079	-7.93156532296467	2.16400719891298e-15	1.21829001028165e-13
16323	MEG3	lncRNA	1059.27534893746	-1.23661715081744	0.156414245824536	-7.90603914815191	2.65707648899544e-15	1.46471341455874e-13
14010	NRG3	protein_coding	14.0684544851839	-1.19742743877111	0.15195605778874	-7.88009017999043	3.27144885402391e-15	1.78275247161843e-13
17001	C3orf86	transcribed_unitary_pseudogene	14.1874991692268	-1.21300106991889	0.153980807704049	-7.87761207390387	3.3369683484701e-15	1.80953705586794e-13
21004	AC129507.3	lncRNA	26.5527855553859	-1.09602757687135	0.139258385185625	-7.87046019103549	3.53339089666711e-15	1.90371427179255e-13
2858	FCER2	protein_coding	59.6925376925326	-1.27749115773157	0.162645709417835	-7.85444117956847	4.01558467488851e-15	2.14892434714146e-13
2164	CABP7	protein_coding	24.3245960970826	1.25808142009013	0.160240209163375	7.85122177921923	4.12003642411472e-15	2.19987774448135e-13
9593	TFF2	protein_coding	442.250153146072	-3.39905037561338	0.433778440945162	-7.83591357884723	4.6544593917044e-15	2.45224106093028e-13
21872	AC016877.3	lncRNA	12.9476880791593	1.18356806173643	0.151254285600722	7.82502166491199	5.0756949738725e-15	2.64491466319037e-13
20558	AC106738.2	lncRNA	11.0732877086713	-1.60266529962115	0.205040491966044	-7.81633561377996	5.43832583175444e-15	2.80929048497614e-13
16342	CDIPTOSP	transcribed_unitary_pseudogene	34.6486997917057	1.31338655367083	0.16817595936758	7.80959751090329	5.73708977845273e-15	2.9508219435005e-13
3613	TSPAN11	protein_coding	1386.44268184508	-1.21819782911592	0.156158253043506	-7.80104672902896	6.13957710842292e-15	3.13078991991399e-13
6897	GCM1	protein_coding	18.6366473400683	1.29511577359485	0.166383808889	7.78390507010727	7.03195304094973e-15	3.54785868044866e-13
4181	EFHD1	protein_coding	741.247743404862	1.15359458985152	0.14845738589409	7.77054360013113	7.81500065416613e-15	3.92629589827663e-13
17622	AL118508.1	lncRNA	27.6264139567563	-1.38906471610613	0.178756850765157	-7.77069359949184	7.80575083372817e-15	3.92629589827663e-13
15226	FAM3D	protein_coding	147.501278531114	-1.51050385598429	0.194618002414064	-7.76137786457484	8.4011600339115e-15	4.20305094637749e-13
3018	GRIK5	protein_coding	121.759259253497	1.30098180147092	0.167689497645734	7.75827836409536	8.60900314593671e-15	4.2890125714924e-13
8559	FXYD4	protein_coding	159.323813411967	-1.89203078791677	0.244031493140686	-7.75322383011443	8.95885021991076e-15	4.44470956535322e-13
1838	NRCAM	protein_coding	501.284756964428	1.18422640843339	0.152863737066265	7.74694136857353	9.41323932665926e-15	4.6219975530941e-13
11682	IRX1	protein_coding	84.7946718548131	-1.67608461104046	0.216437145289211	-7.74397855229896	9.6353269225164e-15	4.72131019203304e-13
15125	BPIFA1	protein_coding	16245.7978064421	-2.12852842651454	0.275365262928536	-7.72983637760782	1.0768490215252e-14	5.25493495872974e-13
10707	BTNL9	protein_coding	287.955891188475	-1.00102526696847	0.130033825839288	-7.69819130143615	1.3800565950828e-14	6.54674656480115e-13
18597	AP000251.1	lncRNA	17.5401734232799	1.25230239612757	0.162762890658908	7.69402897096455	1.42572750251849e-14	6.74995521768891e-13
14617	MYT1	protein_coding	59.1097566674108	-1.54302386207496	0.200626184089231	-7.69103927824634	1.4594461694321e-14	6.89588315056666e-13
2297	DHRS2	protein_coding	102.305527093238	1.28587097072832	0.167215861807451	7.68988633511934	1.47265799088069e-14	6.9445301771946e-13
19840	AC019257.1	lncRNA	15.1528339189821	-1.14231894958871	0.14873970691241	-7.67998655706241	1.59105284619516e-14	7.45038299084275e-13
1483	IL12RB2	protein_coding	165.759313553008	1.03819174840276	0.135331784529736	7.67145539394439	1.70055618477408e-14	7.94059705572745e-13
20426	LINC02321	lncRNA	18.2861322995149	1.08004099051123	0.140908827262622	7.66482137061777	1.79080263562148e-14	8.32933085247849e-13
23327	AL513548.4	lncRNA	18.2938849791527	-1.76797931332404	0.231619858723913	-7.63310764053027	2.2916138887469e-14	1.04745668227675e-12
17763	LINC01750	lncRNA	11.2541451521071	-1.01289308037875	0.132711992089626	-7.63226491012733	2.3066483288468e-14	1.05230887553942e-12
10250	CAMK2N2	protein_coding	73.6391385322765	1.12447218847263	0.147415419382419	7.62791431984179	2.38582033997113e-14	1.08427338885634e-12
5111	SLPI	protein_coding	18004.2503568181	-1.19166559469584	0.156412953308178	-7.61871424004074	2.562149631536e-14	1.15558771449618e-12
3504	DDX25	protein_coding	20.6791518783782	1.32921863245744	0.174568651291598	7.61430315593794	2.65117882070092e-14	1.19122966860701e-12
6269	MYO18B	protein_coding	24.4094024352576	1.70148545264527	0.223574383862414	7.61037746476515	2.7329656686009e-14	1.22336173744477e-12
14097	SLC51B	protein_coding	84.2667173411719	-1.07557977805685	0.141409247633878	-7.60614879192083	2.82384172977277e-14	1.26096427627676e-12
19417	C8orf34-AS1	lncRNA	346.296228022942	-1.23990941232837	0.163364945992788	-7.58981313153377	3.20367171825109e-14	1.41281922774873e-12
17725	HAR1B	lncRNA	15.0564551020722	-1.47145722432142	0.194099602920274	-7.58093886944126	3.43063224597887e-14	1.49902892304112e-12
20764	CEROX1	lncRNA	85.3089043077511	-1.04724134236116	0.138203015884328	-7.57755780986482	3.52120136290676e-14	1.52738221576074e-12
9728	SCGB3A1	protein_coding	12881.0414124539	-1.73438410180503	0.229119393758987	-7.56978304346179	3.73848062382486e-14	1.61282930390879e-12
2257	CHGA	protein_coding	47.7815538938836	1.81458750646305	0.239729930818265	7.56929892011965	3.75243802050839e-14	1.61592330959108e-12
21777	AC015849.5	transcribed_processed_pseudogene	28.4044924385874	1.03822245738202	0.137173539793962	7.56867876225589	3.77039221201689e-14	1.62072419019802e-12
369	VSIG2	protein_coding	1273.51975574237	-1.23138198833593	0.162944443010433	-7.55706647975157	4.12261289047999e-14	1.75942479164678e-12
10616	CLDN2	protein_coding	2815.06155474283	-1.76233109530856	0.233240736269497	-7.55584604771734	4.16145840914484e-14	1.77282594911226e-12
7689	CYP4B1	protein_coding	4819.86149416331	-1.36163753238594	0.180338385705443	-7.5504586949668	4.33727941784606e-14	1.83459985890917e-12
17831	AC112907.2	unprocessed_pseudogene	7.31843896421685	1.07359103163626	0.142561331421969	7.53073095577736	5.04570581447574e-14	2.11174759694069e-12
21291	AC023421.1	lncRNA	371.546765513743	-2.38317266903421	0.317282073329462	-7.51121121980173	5.85827813580026e-14	2.4304710021942e-12
23454	AL009177.1	lncRNA	13.5550947847927	-1.22072687577821	0.162678693433671	-7.50391369645428	6.19400931717696e-14	2.54756714817361e-12
11696	GTSF1	protein_coding	125.894330879393	1.42034369097634	0.189314491612357	7.5025618951805	6.2582446509368e-14	2.56954893305877e-12
19682	LINC00958	lncRNA	98.2160147966825	1.41083871340624	0.18834893607974	7.49055844312779	6.85811791153598e-14	2.78226950503097e-12
20419	LINC02289	lncRNA	52.3745706695876	-1.10311897522782	0.147281745266075	-7.48985540085066	6.89495344513311e-14	2.79245614527891e-12
14094	BPIFB4	protein_coding	38.5025975407026	-1.97244898644294	0.264347729703201	-7.46156961006446	8.54977721653106e-14	3.40475576311824e-12
11323	SLC16A4	protein_coding	1840.94220571259	-1.02319970283585	0.137168387527283	-7.45944252375448	8.68893215534786e-14	3.4543944966186e-12
14394	PLA2G2A	protein_coding	230.312498726773	-1.29424977954941	0.173555840271759	-7.45725282147134	8.8345086159232e-14	3.50641646965992e-12
12583	C11orf16	protein_coding	119.651203875904	-1.27947191327794	0.172116088280246	-7.43377290328983	1.05543109957183e-13	4.16816520815979e-12
3674	RERGL	protein_coding	37.4603968787589	-1.46261856376555	0.196864369045216	-7.42957484312265	1.08947289179394e-13	4.28640582037682e-12
8822	SLC16A12	protein_coding	190.027224809129	-1.30689005017774	0.176015942458178	-7.42483909085828	1.1291710340426e-13	4.40820967290008e-12
20390	HIF1A-AS3	lncRNA	71.2693975624653	1.01442562106856	0.136649574455447	7.42355492222406	1.14017856323424e-13	4.43663599752617e-12
19391	FLJ42969	lncRNA	11.1167471551469	1.33416835320392	0.179948149027699	7.41418214309362	1.22377635884004e-13	4.73870084705962e-12
19997	LINC02688	lncRNA	148.608280711015	-1.55325369602156	0.209624713665078	-7.40968786010235	1.26597027982399e-13	4.87040650141011e-12
8725	GFRA1	protein_coding	241.277485989479	-1.1244055548881	0.151973318826659	-7.39870369068268	1.37520325247454e-13	5.23985444070858e-12
15471	ZYG11A	protein_coding	157.868877348958	1.1044069353982	0.14986441445709	7.36937410658232	1.71430966428295e-13	6.45958391538515e-12
18787	TCAM1P	transcribed_unitary_pseudogene	70.2271899174492	1.69542284306924	0.230803620482877	7.34573764277246	2.04627407120253e-13	7.67401113883734e-12
14892	SERPINA1	protein_coding	52381.1864499061	-1.03794988675577	0.141644099056469	-7.32787241875836	2.33835160528283e-13	8.71447654588504e-12
10558	C8orf34	protein_coding	152.284561482047	-1.00775747660084	0.137625738110812	-7.32244920488216	2.43485493690671e-13	9.05994304179632e-12
2580	MSLN	protein_coding	24580.9423333812	-1.52992513726256	0.209130711568724	-7.31564066217889	2.5615629239722e-13	9.50172265910808e-12
100	SOX8	protein_coding	57.3526713716499	-1.02281982593143	0.139978931239528	-7.30695553162358	2.73262939773173e-13	1.01047882729167e-11
3065	HOXA1	protein_coding	93.7870708806199	1.18643677427726	0.162500793864824	7.30111371187636	2.85395413911787e-13	1.05370641657291e-11
23528	AC123595.2	lncRNA	14.9155628203766	-1.04636388569592	0.143583536026296	-7.28749210845653	3.15777795687261e-13	1.15691268099945e-11
5615	VGF	protein_coding	77.6568844850431	1.36475408354271	0.187595958994153	7.27496525437015	3.46509626543181e-13	1.26174009885311e-11
7898	NT5DC4	protein_coding	13.4920244164262	1.11806802457759	0.153759976899795	7.2715153001501	3.55477103830533e-13	1.29241706116341e-11
20823	ADAMTS7P3	transcribed_unprocessed_pseudogene	44.6645125131652	-1.18844972742866	0.16359534582192	-7.26456930334886	3.74228720791431e-13	1.35438947673665e-11
15738	INSYN1	protein_coding	109.232019185583	-1.02836732577645	0.142050334207532	-7.23945727768601	4.50483753263397e-13	1.60596109284649e-11
11091	LAIR2	protein_coding	49.5860984082573	-1.17719007108827	0.162758909796156	-7.23272275884999	4.73405218287596e-13	1.67762974230667e-11
19406	C4orf54	protein_coding	44.2949645811846	1.48305262240811	0.20532573063649	7.22292631230771	5.08805883810686e-13	1.78976415318577e-11
18040	AC011294.1	lncRNA	71.0731017777288	1.15214624796563	0.159948200723779	7.20324606811501	5.87957263490147e-13	2.04701963051964e-11
9768	CD300LG	protein_coding	28.866741232203	-1.42916699114687	0.198852330966134	-7.18707688365123	6.61931410220938e-13	2.28315796149242e-11
22078	AC015712.6	lncRNA	80.9779276084482	1.20322801961361	0.167547713479603	7.18140519273688	6.89985242568228e-13	2.3642170599309e-11
19597	LINC01511	lncRNA	10.5521142531861	1.36790214593685	0.190610994855129	7.17640735769993	7.15671073939058e-13	2.44519238949566e-11
2506	RS1	protein_coding	10.4718899893527	-1.4314135908877	0.199851343650319	-7.16239162941158	7.92815386122278e-13	2.69331035736318e-11
22483	PRSS2	protein_coding	473.161696145334	-1.78119610885037	0.248966919334788	-7.15434851188073	8.40712292298662e-13	2.83579639218135e-11
16775	ARHGEF2-AS1	lncRNA	13.0325368137823	-1.31827064883225	0.18427222105721	-7.15393042569865	8.43278185562042e-13	2.84042810621987e-11
16254	UCA1	lncRNA	88.5406886361342	1.69354995664111	0.236992806852753	7.14599729473368	8.93448192402167e-13	2.99670073998101e-11
3548	FOLR1	protein_coding	7827.99370833732	-1.10480373795233	0.155006354860515	-7.12747383129227	1.02227700592339e-12	3.39059952911694e-11
7519	GREB1L	protein_coding	235.424885537213	1.09133217455619	0.153306266314254	7.11864035824295	1.089969042295e-12	3.6050726073907e-11
4503	TREH	protein_coding	28.8925486555811	-1.21209021374395	0.170709025124533	-7.10032883650834	1.24460391940023e-12	4.0657061367074e-11
20571	SLC22A31	protein_coding	5809.87936464845	-1.05751158145211	0.14896639638412	-7.09899418339457	1.2566809828427e-12	4.09392625518687e-11
14963	ELANE	protein_coding	21.8148344558022	-1.38348370003289	0.19548404983429	-7.07722037273965	1.47074556973444e-12	4.73942286842435e-11
13594	GRIN2A	protein_coding	115.717704730658	-1.62381843301993	0.229449399423404	-7.07702193642917	1.47285226572957e-12	4.73979781838973e-11
11843	CDK5R2	protein_coding	45.249942769448	1.52951392197944	0.21613900306043	7.0765289944074	1.47809839777326e-12	4.74385919738174e-11
14604	SYCP2	protein_coding	358.480937337693	1.08064904215743	0.152758099899002	7.07425035315258	1.50258803808669e-12	4.80949348642427e-11
6715	IGF2BP3	protein_coding	623.502806993211	1.24934767316173	0.17665236150556	7.07235194884394	1.52329471564177e-12	4.86269977993206e-11
1870	CMA1	protein_coding	8.88751010442069	-1.10990528477466	0.15764932502885	-7.04034276436986	1.91767500500651e-12	6.03269650848415e-11
12481	CST6	protein_coding	642.922826212447	1.10030504046707	0.156405605645252	7.0349463238722	1.99337725263604e-12	6.23788250910311e-11
8017	STXBP5L	protein_coding	20.1156546494097	1.78182207573855	0.253915843636457	7.01737256809255	2.26079189770676e-12	7.01022112656103e-11
21092	AC007639.1	lncRNA	7.02444093218344	1.05374849384084	0.150277300873714	7.01202701748254	2.3488982928045e-12	7.22695916600081e-11
8833	PART1	lncRNA	41.8985241039329	-1.82651913385496	0.26083639544422	-7.00254705921805	2.51350416650026e-12	7.66409580294971e-11
19372	LINC02122	lncRNA	15.3917876653904	-1.63964691348556	0.234354634942202	-6.99643475747746	2.6255795153378e-12	7.95490465372192e-11
23297	AC103718.1	lncRNA	139.155192573446	1.28916098048376	0.184258013476318	6.99649885593417	2.62437915608276e-12	7.95490465372192e-11
20851	MUC22	protein_coding	51.0378380106942	1.33816662993856	0.191670371619681	6.98160398308087	2.9182878621486e-12	8.78585425400843e-11
4489	SLC5A9	protein_coding	100.128415039116	-1.01688815494414	0.145966443602717	-6.96658855176223	3.24718540987261e-12	9.70244333133077e-11
2524	VGLL1	protein_coding	185.972971165397	1.48415786878494	0.213123608977564	6.96383603817998	3.31129975485987e-12	9.87919539260568e-11
7056	CYP2C9	protein_coding	48.8730337684344	-1.41943583041412	0.203884209398919	-6.96197039779995	3.35546024050456e-12	9.98836627092196e-11
2251	ISM2	protein_coding	13.5064768408232	1.49588096347478	0.214880526651052	6.96145428712564	3.36777842850132e-12	1.00125187885556e-10
224	TENM1	protein_coding	495.074766981227	-1.46447515617655	0.210394249583424	-6.96062349173602	3.38770049888494e-12	1.00591894863399e-10
18587	UNC5B-AS1	lncRNA	17.2752365680847	-1.0209939903017	0.146789123736284	-6.95551526103518	3.51275750632445e-12	1.03916530752311e-10
13782	POU3F2	protein_coding	100.81763965901	1.78895560310683	0.257438572542731	6.94905812068973	3.67733037246492e-12	1.08113512950469e-10
11327	WFDC12	protein_coding	14.4454309309876	-1.61426561319907	0.232575543409899	-6.94082270874904	3.89822989237087e-12	1.13626005700024e-10
8734	KCNE4	protein_coding	1183.96576866132	-1.08647338849877	0.156545805129004	-6.94029065552696	3.91294029694477e-12	1.13915354806165e-10
2218	CTSG	protein_coding	64.7317982983186	-1.06687086733159	0.153768844325371	-6.93814713905318	3.97275832156649e-12	1.15374715450957e-10
22478	PICSAR	lncRNA	18.1798578526307	1.77842911979524	0.256325803579086	6.93815876108833	3.97243158656085e-12	1.15374715450957e-10
2428	TNNC2	protein_coding	440.857041855286	1.39301503732223	0.201470271679678	6.91424608558139	4.70358060629751e-12	1.34467069097682e-10
9810	MEIOB	protein_coding	25.3497121763614	1.30792118850026	0.189293924284727	6.90947262804351	4.86458717753914e-12	1.38405351309339e-10
10123	IHH	protein_coding	54.6928906598263	-1.41645992762033	0.205147068967664	-6.90460719106642	5.03425324711653e-12	1.42721079555754e-10
20	MYH16	transcribed_unitary_pseudogene	39.0472692525119	1.04690620201481	0.151739441710026	6.89936769383564	5.22345110342507e-12	1.47733093321811e-10
10927	SCNN1G	protein_coding	759.353260966745	-1.00901944386385	0.146478645651699	-6.88850882921955	5.63802354427956e-12	1.58516992542472e-10
23541	AC009244.1	lncRNA	135.333312785243	-1.17366664006559	0.170411965670703	-6.887231395086	5.68886484664971e-12	1.59381914656607e-10
15457	CHIAP2	transcribed_unprocessed_pseudogene	57.3109294299495	-1.81480873697659	0.263649019548115	-6.88342683802544	5.84296131207442e-12	1.63314883433968e-10
13923	SFTPA2	protein_coding	165708.318614435	-1.35664138220996	0.197295739544775	-6.8761818442718	6.14780157750211e-12	1.70633737490251e-10
7269	SLC39A5	protein_coding	41.9324330144198	-1.29833055900858	0.188836514385765	-6.87542111880059	6.18070001416371e-12	1.7134713636472e-10
11209	MAJIN	protein_coding	37.85584327976	1.45235543333289	0.211295074048976	6.87358869992517	6.26065503561211e-12	1.73160556350832e-10
22198	ZBTB8B	protein_coding	23.7605324159594	1.26242630731867	0.18373852921288	6.87077616614651	6.38535182188649e-12	1.76200195001628e-10
11782	KCNG3	protein_coding	51.8884462889265	1.05733614090546	0.153922764694197	6.86926422486042	6.45338801840056e-12	1.77460718556802e-10
6484	KLB	protein_coding	101.950341359653	-1.06453582037558	0.155546504506326	-6.84384277071479	7.70965379377554e-12	2.083969301305e-10
2149	NEFH	protein_coding	367.575206819654	1.3961906060996	0.204899802894819	6.81401634542471	9.49109139150115e-12	2.50577439464754e-10
13979	PDIA2	protein_coding	120.081097798688	1.43893727630013	0.211179195351913	6.8138211905877	9.50398231356089e-12	2.50639905664606e-10
19930	LINC02732	lncRNA	20.2636422296781	1.19229550460559	0.175370391855165	6.79872749323773	1.05547244874941e-11	2.75905827601739e-10
7996	NR1I2	protein_coding	33.0391691941414	-1.16143169782012	0.17111495858546	-6.78743522729524	1.14144477027848e-11	2.95460497384911e-10
4497	MUC5B	protein_coding	36674.8012749166	-1.54528061892844	0.227771041978312	-6.78435944054549	1.16602695141736e-11	3.01168826692548e-10
4774	TNFSF11	protein_coding	133.891329771738	-1.13942310815371	0.168004303778607	-6.78210666350082	1.18435976537728e-11	3.052418122586e-10
6296	SPINK5	protein_coding	1410.30641963495	-1.29550080289232	0.191286787361511	-6.77255769079319	1.26525324584151e-11	3.25034960048218e-10
12344	CNTNAP2	protein_coding	354.540899751066	1.39708852782415	0.206987499467432	6.74962754474926	1.48225160310245e-11	3.76314921921981e-10
7713	GPA33	protein_coding	81.9820674762779	-1.03165887408127	0.153144256519902	-6.73651691238706	1.62228418558003e-11	4.09248682154692e-10
17695	MTCO1P53	processed_pseudogene	16.8757561136979	1.24045005874471	0.184237127769351	6.73289946366102	1.66314986888855e-11	4.177874575708e-10
10883	CDH16	protein_coding	23.2050910731231	-1.65432724049292	0.246441865207204	-6.71284986056244	1.90859472865333e-11	4.73944472034936e-10
1256	CACNG4	protein_coding	712.552415933856	1.21579430885337	0.181521370584157	6.69780260550481	2.11576789806962e-11	5.22664903782468e-10
11912	WDR87	protein_coding	42.4180875757657	1.7665522017492	0.263947089680354	6.69282697486278	2.18899912549971e-11	5.38520921225724e-10
10242	GRIK3	protein_coding	38.6240381850398	-1.33930358780822	0.200211099959076	-6.68945721831597	2.23999856293987e-11	5.49422621202344e-10
14138	FAM228A	protein_coding	14.5825221509004	-1.06585949456925	0.15938855570739	-6.68717706763076	2.27516536704723e-11	5.57415514926573e-10
9544	LRRC36	protein_coding	167.909632635957	-1.01694406614849	0.152193715341681	-6.68190577952187	2.35854657657462e-11	5.74886675276847e-10
3509	ZBTB16	protein_coding	1090.9684489796	-1.1061594931614	0.165628950911072	-6.67853951303064	2.41335162040374e-11	5.8764371664923e-10
3429	VTN	protein_coding	56.6548702188468	-1.05209810184575	0.157809183247708	-6.66690036785953	2.61262320409051e-11	6.30488596685689e-10
16354	FER1L6	protein_coding	59.6515431430264	-1.58032185057877	0.237052796628886	-6.66653957705806	2.61905086262183e-11	6.31276085450165e-10
20302	AC027288.3	lncRNA	62.9553271105077	-1.01764306373971	0.152844182456432	-6.65804250698121	2.77498529749522e-11	6.65493452915923e-10
4988	SFTPA1	protein_coding	123441.161749814	-1.32445372310754	0.1993988619754	-6.64223310999108	3.08965793035894e-11	7.36507647182861e-10
15744	KRT81	protein_coding	321.835003550909	1.39087577393817	0.210333851455599	6.61270529832798	3.77359234741171e-11	8.81887420620828e-10
23086	FOXCUT	lncRNA	20.4605712329097	1.12391425034206	0.170085907689722	6.60792105359103	3.897544226729e-11	9.08181195844661e-10
12000	MACROD2	protein_coding	1097.53052198856	-1.06294715029256	0.160895705686206	-6.60643580112463	3.9368287241858e-11	9.16438311219556e-10
3368	ALDH3A1	protein_coding	2413.014121883	-1.52644992441879	0.231203671353741	-6.60218722082194	4.05135409023736e-11	9.39424988363315e-10
5908	DUSP9	protein_coding	138.122783870434	1.31990251327521	0.199956427294552	6.60095067277276	4.0852947863506e-11	9.45984217956253e-10
5088	C4BPA	protein_coding	11865.3812026651	-1.14486496879564	0.173944712956363	-6.58177503263841	4.64864613260946e-11	1.06138886866694e-09
22739	RN7SL3	misc_RNA	57.9010953808558	1.07941085782053	0.164033135745777	6.58044396281874	4.69045588728903e-11	1.06786344646177e-09
815	SEZ6	protein_coding	11.3083739321113	1.09356048098873	0.166489649443699	6.5683391408577	5.08795558752859e-11	1.14956901671163e-09
10350	SLC45A2	protein_coding	10.228129847122	1.08488840254782	0.165306303621444	6.56289795839997	5.27719624870287e-11	1.1889418303369e-09
19026	AC079760.2	lncRNA	16.0379874794711	1.10595785236907	0.168636886731861	6.55822029095915	5.44537283893269e-11	1.22451471941778e-09
21477	AC010328.1	lncRNA	10.3174154734821	1.27411981585434	0.194400969540486	6.55408159159924	5.59853521272672e-11	1.25658357734094e-09
1560	NKAIN1	protein_coding	41.9605944001182	1.19960345839829	0.183235113104377	6.5467990172547	5.8783387224801e-11	1.31566502196561e-09
2031	CDHR5	protein_coding	103.632830001294	-1.45969896556988	0.223068927527952	-6.54371266202894	6.00100471203893e-11	1.34059968304404e-09
13069	MKRN3	protein_coding	58.3397989120165	1.47767947958671	0.225816476132965	6.54371862005595	6.00076551757855e-11	1.34059968304404e-09
1954	CRTAC1	protein_coding	1161.19408948114	-1.04125705259942	0.159255174032846	-6.53829339563347	6.22247666191848e-11	1.38358598717952e-09
1337	SMC1B	protein_coding	112.113443530455	1.18250366879461	0.181015204243795	6.53262069191707	6.46286773357091e-11	1.429894695906e-09
5793	ACE2	protein_coding	117.85953646942	-1.00268816294293	0.153939417406752	-6.51352447497929	7.34076378854224e-11	1.60378852165454e-09
19360	AC120036.1	unprocessed_pseudogene	24.8814600920763	1.19448350622934	0.183448992811671	6.51125682360982	7.45245993600237e-11	1.6207569033421e-09
17932	AL355916.1	lncRNA	71.8362035121329	1.12151187973287	0.172256876604257	6.51069438760013	7.48041967648408e-11	1.62535323153095e-09
14434	COL25A1	protein_coding	578.006539048348	-1.66687249683569	0.256176122794625	-6.50674418307134	7.67970260230572e-11	1.66409861484357e-09
20812	AC093904.4	lncRNA	50.6731361850863	1.12725102997363	0.173310419616986	6.50423115046884	7.80917411584664e-11	1.69061520358883e-09
4506	APOA1	protein_coding	10.977177159049	-1.08270088197725	0.166534398040784	-6.50136485143506	7.95945251152931e-11	1.71690581620977e-09
6534	HTR1B	protein_coding	25.9386718424962	-1.14241427258878	0.176532738225056	-6.47140175853586	9.70978804702046e-11	2.06638867338468e-09
15345	L1CAM	protein_coding	132.90900310313	1.05931581508227	0.164171134411367	6.45250956497581	1.10012937267431e-10	2.31027168261606e-09
22757	AC008870.5	TEC	17.9268996397655	-1.58776322957442	0.24656093018586	-6.43963838219442	1.19758484349009e-10	2.49949916414312e-09
17174	SLC8A1-AS1	lncRNA	13.5010623365848	1.08123449158674	0.16830835758706	6.42412835041454	1.32627265197457e-10	2.75120705001066e-09
9089	GRIA1	protein_coding	79.3795441301099	-1.15865267268279	0.180398748512097	-6.42273121204659	1.33850720172961e-10	2.77416975648293e-09
11313	MUCL3	protein_coding	664.106340832928	-1.29465229454579	0.201789440486033	-6.41585749694074	1.40032389577743e-10	2.88971518665891e-09
19467	AL033397.2	lncRNA	26.2292339447826	1.1230547765115	0.175125803880205	6.41284580357858	1.42827966810315e-10	2.9423055377343e-09
22600	AC005696.4	lncRNA	25.286553188094	1.1534979772434	0.179916345995431	6.41130171281208	1.44282330917834e-10	2.96457241456195e-09
20340	AC079384.1	lncRNA	39.5238672001148	-1.73042788935334	0.270037753273185	-6.40809615832771	1.47347971373607e-10	3.02234676166329e-09
2868	KIR3DX1	transcribed_unprocessed_pseudogene	11.262809317924	-1.14826883803224	0.17926820197148	-6.40531240568206	1.50061791887985e-10	3.06744335795748e-09
4102	IL1A	protein_coding	85.8513903273227	1.08466882981311	0.16944914364494	6.40114671860428	1.54214290468143e-10	3.14422869281538e-09
19733	SCARNA21	scaRNA	8.11999304204295	-1.07300036182261	0.167674724133835	-6.39929701608552	1.56093939419117e-10	3.17711202848449e-09
12764	C10orf71	protein_coding	18.7160137531566	-1.89249211385095	0.296101010003846	-6.39137338243586	1.64402385522966e-10	3.331981624548e-09
13297	TMEM132C	protein_coding	20.2540018750816	-1.28675075699723	0.201594030393153	-6.38288125143283	1.73786669277472e-10	3.48950737114141e-09
22641	AC007906.2	protein_coding	383.081153143698	-1.13226184724101	0.177420699754925	-6.3817911258665	1.7502859319966e-10	3.5070939824493e-09
11285	LGI3	protein_coding	219.966754152111	-1.37461384914539	0.215448740360775	-6.38023618445649	1.76815075906199e-10	3.53244481344818e-09
1356	ADCY2	protein_coding	68.7598014128618	-1.00889846007332	0.158183540406529	-6.3780242715549	1.79387089394315e-10	3.5718429321373e-09
12937	ERBB4	protein_coding	166.196240510663	-1.01139098422359	0.158737390148585	-6.37147292945216	1.87221341676552e-10	3.71540752557116e-09
20104	AC002563.1	lncRNA	11.9314490973211	-1.2797877141081	0.200964111985733	-6.3682400875583	1.91209451308559e-10	3.78823783149919e-09
8299	RGS20	protein_coding	98.4871931615724	1.01614230280724	0.159612025427538	6.36632672309869	1.93608793766158e-10	3.82622391265335e-09
9983	PIGR	protein_coding	45109.7337371564	-1.21646437927711	0.191425479491598	-6.35476730949239	2.08742358548202e-10	4.09135022754476e-09
13673	ANKRD45	protein_coding	63.4464771095302	-1.00263650454445	0.157789644043707	-6.35426051323573	2.09431647418294e-10	4.10148458192373e-09
9515	IRX6	protein_coding	232.080246833699	-1.28238415293513	0.202005629051	-6.34825949633004	2.1776453984685e-10	4.23680126790268e-09
9913	B3GALT2	protein_coding	145.088456198721	-1.04725020894617	0.165000422718466	-6.34695470285586	2.19618759799797e-10	4.26938869050805e-09
10023	TEKT4	protein_coding	21.8199825134816	-1.11328609036674	0.175655060924004	-6.33791070129424	2.32901740963106e-10	4.50554188407426e-09
19487	LINC00942	lncRNA	532.940989208935	1.51504259270881	0.239070223430315	6.33722832969373	2.33935188836124e-10	4.51819350117069e-09
21815	BNIP3P17	processed_pseudogene	11.158140826614	1.06250603430054	0.167754043919498	6.33371339060192	2.39329912189383e-10	4.61490083309957e-09
7920	ZNF385B	protein_coding	744.797812183025	-1.10896422456032	0.175469052522692	-6.31999893210178	2.61565110199165e-10	4.98711892256438e-09
15737	MT1A	protein_coding	69.4376527217711	1.07212399761172	0.16968638271051	6.31826773890749	2.64511460353184e-10	5.03523254744263e-09
14748	ADH1B	protein_coding	2074.90001903422	-1.08889285688332	0.172618044373749	-6.30810562611676	2.82471423290544e-10	5.33447618893022e-09
165	SLC13A2	protein_coding	198.477567369728	-1.82993750170759	0.290265026062905	-6.30436786177271	2.89372474716437e-10	5.43892353030563e-09
2541	TAF7L	protein_coding	22.0374995225963	1.15424983019936	0.183107740164767	6.30366487599444	2.90688670343987e-10	5.4593533088105e-09
10332	HPGD	protein_coding	6606.75691818607	-1.06885888598706	0.169641437972883	-6.30069456354127	2.96314797197916e-10	5.55188086583098e-09
9528	PGLYRP3	protein_coding	38.4403637641662	-1.45814116652103	0.232109387491684	-6.28212922483916	3.33967058753969e-10	6.17476051022284e-09
14428	INSC	protein_coding	22.0757695480296	-1.11956824057598	0.17858378908775	-6.26914820373681	3.63028484034908e-10	6.65012332215945e-09
6780	IL36RN	protein_coding	152.315122434049	1.47922971945343	0.236133036002654	6.26439122832774	3.74284708719441e-10	6.84578805948139e-09
20216	AC084375.1	lncRNA	102.558599888286	-1.22121731152236	0.195568891042107	-6.24443542638602	4.25333597241819e-10	7.6792223538413e-09
17747	RPL13AP17	transcribed_processed_pseudogene	47.2707094405254	-1.35072373365119	0.216586233973564	-6.23642467422955	4.47684729671731e-10	8.05223878580256e-09
15651	ST8SIA6-AS1	lncRNA	72.941596246736	1.69946719836681	0.273146208975486	6.22182238860701	4.91413156448789e-10	8.80056451635578e-09
20589	NR4A1AS	lncRNA	47.9665112082078	-1.03186089496486	0.166116104057561	-6.21168489845694	5.24194619470146e-10	9.30331651577625e-09
8740	ASTN1	protein_coding	21.9163554290092	1.21018378144375	0.194933648650967	6.20818309111226	5.36006818181364e-10	9.47621853613289e-09
7891	ST6GAL2	protein_coding	116.167202335651	-1.01707481615838	0.163975789808392	-6.2025913541679	5.55409242421558e-10	9.79016706071576e-09
18451	AC010894.2	lncRNA	43.1287023089841	1.38000275547454	0.222587441869484	6.19982306227196	5.65266731810348e-10	9.94184782225379e-09
15476	SLC12A5-AS1	lncRNA	7.28705249765107	1.00049849212771	0.161409154681152	6.1985238328278	5.69951763847571e-10	1.00168496710451e-08
18400	ELFN1-AS1	lncRNA	39.4236891960208	1.31334439042969	0.213215290552744	6.15971015505007	7.28782077949392e-10	1.2539896245872e-08
3296	SORCS1	protein_coding	14.7674106352097	-1.18486343840979	0.192429757199704	-6.15738155913245	7.39575153393769e-10	1.26798003620729e-08
21349	AC020928.1	lncRNA	16.3871603380816	1.16952859892501	0.190439760306404	6.1411997003321	8.19005402548575e-10	1.39213380844338e-08
11992	AZU1	protein_coding	36.3045147662782	-1.10487755354472	0.180286186640489	-6.12846482658138	8.87310389464357e-10	1.4964879330527e-08
1118	MYO3B	protein_coding	155.996760495481	1.08257575611122	0.176772107347625	6.12413220815608	9.11791660352764e-10	1.53451636746578e-08
7205	PIK3C2G	protein_coding	184.559824302663	-1.58153912257347	0.258332673835228	-6.1221025551813	9.23485501941419e-10	1.55090858555945e-08
11550	TM4SF4	protein_coding	887.347969359934	-1.60502825160018	0.262221886658562	-6.12087828385614	9.30609721000148e-10	1.55957353243473e-08
2666	CRYM	protein_coding	1319.34752809549	-1.06024737103561	0.173408164539398	-6.11417215476452	9.70594834796925e-10	1.6186096215584e-08
17644	AL356234.2	lncRNA	18.069269797996	1.36304760348355	0.222952764925278	6.11361605647891	9.73984781359472e-10	1.62312621296672e-08
16910	MIR137HG	lncRNA	15.8193994368534	1.71474121477261	0.280612969384509	6.1106983705482	9.91960920802106e-10	1.64502488634968e-08
20188	CYP2B7P	transcribed_unprocessed_pseudogene	7933.77391997468	-1.06548023496295	0.174433691443097	-6.1082250002748	1.00745262092522e-09	1.66955300728692e-08
20760	SERTM2	protein_coding	34.831320468733	-1.30456194628639	0.213798933658459	-6.10181689853706	1.04869470665127e-09	1.72708269323605e-08
17492	ORM1	protein_coding	496.405319748744	-1.17023370248683	0.192293170523758	-6.08567480217528	1.16001683407954e-09	1.89780170192493e-08
6116	ENAM	protein_coding	82.2535263644242	-1.24884380259211	0.205357499345312	-6.08131578624337	1.19200262669873e-09	1.94427058576737e-08
15666	KRT40	protein_coding	40.7120403679874	1.44861068896003	0.238576826372459	6.07188347244802	1.26418656496059e-09	2.05497193569772e-08
10434	PI16	protein_coding	49.7298200790053	-1.02076561852264	0.168298340988762	-6.06521497791119	1.31777268848595e-09	2.13915738265878e-08
11737	PLA2G1B	protein_coding	214.624339112079	-1.19524087939386	0.197208362439236	-6.06080221249312	1.35444303594356e-09	2.19121647132879e-08
15750	CALML3-AS1	lncRNA	75.7681804711699	1.06011771554187	0.17500910755031	6.05750026601969	1.38253113521627e-09	2.23210823417222e-08
3321	CSF3	protein_coding	132.759133213315	-1.19832408099077	0.198062670184991	-6.05022682907149	1.44642031875757e-09	2.33051782617678e-08
5905	PNCK	protein_coding	70.512266233246	1.03250890051248	0.170708526601825	6.04837333591891	1.46315588022498e-09	2.3527072337392e-08
20270	AC025154.2	lncRNA	142.435968300192	-1.2507152681451	0.20712009475983	-6.03859934303041	1.55457707882969e-09	2.47299255546094e-08
23246	AL078582.1	lncRNA	9.84754273899457	1.19059458191933	0.197282620161003	6.0349694308991	1.58992782559636e-09	2.52585331812887e-08
139	USH1C	protein_coding	272.284254450499	-1.45233562294892	0.241151709300088	-6.02249773457602	1.71745774802847e-09	2.69608034354318e-08
17536	ZNF492	protein_coding	20.7729544953831	1.18005404031921	0.195959165215406	6.02193849428808	1.72340389469087e-09	2.70363243400319e-08
5709	KLK14	protein_coding	99.5881626692687	-1.3228068933595	0.219779397937044	-6.01879387138197	1.75721463452726e-09	2.75252463923318e-08
18263	DSCAM-AS1	lncRNA	709.898871639737	-2.78639822517848	0.463046210446581	-6.01753812538745	1.77089614909604e-09	2.76901647370801e-08
8565	CDH8	protein_coding	36.0257783197861	-1.06771686240679	0.177706078908819	-6.00833054762658	1.87443385073554e-09	2.91940926889576e-08
16229	CLDN9	protein_coding	373.437406248588	1.00236760489085	0.16712666532714	5.99765215759421	2.0019075962193e-09	3.083662839351e-08
10070	ALPG	protein_coding	151.608219923663	-1.43844372415736	0.239920706907281	-5.99549635669113	2.02864844054254e-09	3.11880141788767e-08
3451	NMU	protein_coding	282.64231133119	1.01477860196934	0.169307564719713	5.99369912176871	2.05120729139803e-09	3.15144841531307e-08
20956	LINC01996	lncRNA	8.68621864029746	-1.25264932084764	0.20910612259643	-5.99049566456371	2.0920245267756e-09	3.21001753096869e-08
18399	AL109946.1	lncRNA	10.457913943724	1.12253156072389	0.187764009963349	5.97841706162434	2.2531627709033e-09	3.43074285334342e-08
14238	FOXD3	protein_coding	11.3330042781876	1.26357787788276	0.212041591859656	5.95910390410146	2.53624808357437e-09	3.81542715491093e-08
1615	AQP6	protein_coding	42.5582025286037	-1.1460890508891	0.192403328301159	-5.95670075465216	2.57380895479979e-09	3.86948778090924e-08
13691	DUSP5P1	processed_pseudogene	16.8901969908991	1.09013929563411	0.183177457879978	5.95127429024807	2.66062755114732e-09	3.98491726434102e-08
7398	RHCG	protein_coding	52.1357587934706	1.24896560204737	0.210354463081978	5.93743333870043	2.89518700783611e-09	4.29302511859335e-08
1760	NOS1	protein_coding	89.8426654076134	-1.17769682449588	0.198431160129054	-5.93503975751559	2.93774301944045e-09	4.35341706689202e-08
9696	LRRC71	protein_coding	65.7518686669976	-1.19057033084737	0.20088558957365	-5.92660893882023	3.09254253842565e-09	4.55447173840868e-08
15691	PRSS1	protein_coding	65.1169312371166	-1.55669058905147	0.262719488287811	-5.92529545180184	3.11736397538018e-09	4.5881894752598e-08
11128	GGT6	protein_coding	691.11684837197	-1.00191568730219	0.169347795651728	-5.91631962758275	3.29225142247325e-09	4.81582772572346e-08
1726	F11	protein_coding	62.9045127055206	-1.2772348061252	0.215987425437067	-5.91346835835754	3.34977901829051e-09	4.89096490138382e-08
3469	ANXA10	protein_coding	151.067205096748	-1.57761560063458	0.267159128261748	-5.90515327287981	3.52319035400857e-09	5.11905156133985e-08
4285	PAPPA2	protein_coding	52.9356066814682	-1.16069015218124	0.196672662788706	-5.90163439963298	3.59918047871431e-09	5.21355741606463e-08
12885	ZNF114	protein_coding	165.60721552231	1.03816405769342	0.176489021681619	5.88231521599251	4.04566902243096e-09	5.81083004222984e-08
7930	PTH2R	protein_coding	31.1950457336687	1.13278575520712	0.192629587584054	5.88064258151841	4.08676791986475e-09	5.86632255838814e-08
23786	AC108519.1	lncRNA	110.740030357148	-1.00184692492774	0.170769275947812	-5.86666962992749	4.44635357121284e-09	6.35185746519872e-08
16943	ATP13A4-AS1	lncRNA	76.4724117859392	-1.31174873007001	0.223870949998873	-5.85939680908404	4.64551446314526e-09	6.59286540079507e-08
17846	SILC1	lncRNA	28.4413096157273	-1.353406398187	0.231434791764583	-5.84789515814758	4.97832147165292e-09	7.01501464650549e-08
17804	DLX6-AS1	lncRNA	71.5966509652057	1.46644932843521	0.250795295107359	5.84719632721764	4.99927345082576e-09	7.04037243985598e-08
14954	FAM177B	protein_coding	183.719538814063	-1.03119166590943	0.176417113241505	-5.84519067885319	5.05988334743001e-09	7.10482024211414e-08
13416	GABRG3	protein_coding	44.0016825991523	-1.72321677445525	0.294978667478943	-5.84183523907966	5.16288561726294e-09	7.22803986416811e-08
2044	SERPIND1	protein_coding	686.276046402116	-1.26251938213032	0.216322501245077	-5.83628321077882	5.33781353567465e-09	7.46416274448362e-08
21380	AC011447.3	lncRNA	198.314968943409	1.03464921201807	0.177441291927279	5.83093822627319	5.51165876921626e-09	7.67571005439275e-08
12346	LINGO2	protein_coding	16.2499207695436	1.30321113904168	0.224421703782825	5.80697462444545	6.36117728937951e-09	8.77157359405233e-08
127	DLX6	protein_coding	50.5481448817689	1.50986638914811	0.260258101725802	5.80141935692305	6.5755919367689e-09	9.04628228666751e-08
1465	PKP1	protein_coding	1973.42036803779	-1.25585746308626	0.216483245060822	-5.80117626531985	6.58513323423786e-09	9.05417799307969e-08
7654	PADI1	protein_coding	186.474672683804	1.43390908978793	0.247256018066684	5.79928893541112	6.6596700595958e-09	9.14082897978181e-08
1730	TESC	protein_coding	4206.83364753294	-1.03462695946801	0.178494020923235	-5.79642362313625	6.77440151928191e-09	9.27691764118341e-08
44	SLC7A2	protein_coding	6146.25835149603	-1.00738910331474	0.174223914073116	-5.78215171363887	7.37511483482119e-09	9.99607197930745e-08
12562	CREG2	protein_coding	74.5209800007015	1.01571398405754	0.176260777350001	5.76256385185819	8.28456846158206e-09	1.10711960350233e-07
2731	TGM5	protein_coding	23.8253705294372	1.18835385949248	0.206326567625781	5.75957751426285	8.43247291648393e-09	1.12562169301092e-07
6242	BEX1	protein_coding	41.1313628658934	1.34332952352174	0.233383941157982	5.75587813307348	8.61925517241544e-09	1.14798066373547e-07
21491	GABRQ	protein_coding	23.6209777498748	1.27565162246854	0.221666740026996	5.75481744493188	8.67354733014736e-09	1.15392098391134e-07
14596	SH2D5	protein_coding	29.859977389772	1.11694411733547	0.194105611997929	5.75431130423669	8.6995715766663e-09	1.15609150405542e-07
13230	AGTR2	protein_coding	241.049742547524	-1.3347951520808	0.232337110917275	-5.74507940987551	9.18778577737758e-09	1.21757334725915e-07
21670	AL513318.1	lncRNA	50.8910313142454	1.26943818732947	0.221283254365975	5.73671148757588	9.65324899070225e-09	1.27006890311924e-07
13017	FAM133A	protein_coding	244.912770808854	1.60385729762265	0.280144749630207	5.72510211146114	1.03371546513877e-08	1.35332051054506e-07
18017	MTND4P20	processed_pseudogene	12.4336062293755	-1.46461851181775	0.256133592794032	-5.71818204648973	1.07669756876237e-08	1.40265185462293e-07
18441	AC091806.1	lncRNA	25.6379880769129	-1.06234898709976	0.185825923481663	-5.71690411754949	1.08482287040216e-08	1.41092145471093e-07
1458	CDH7	protein_coding	18.6790524788393	1.48293729871693	0.259868108472022	5.70649976034511	1.15323069298444e-08	1.48874085651134e-07
19152	AC108751.5	processed_pseudogene	12.0167175690192	-1.08639624162387	0.190379616922715	-5.70647351425703	1.15340844892224e-08	1.48874085651134e-07
19894	AC022733.1	lncRNA	86.8566628225607	-1.2984623025947	0.228164933250537	-5.69089335550489	1.2637642274282e-08	1.61867716393491e-07
8621	GPR158	protein_coding	105.031401394239	1.15843110548305	0.204259205382753	5.67137771495936	1.41653695620402e-08	1.78672728151708e-07
21834	LINC02772	lncRNA	34.5713117315587	-1.14873061066296	0.202746403499259	-5.66584950872959	1.4629788663378e-08	1.83558370510898e-07
18370	LINC01564	lncRNA	48.9649873079148	1.07016235377231	0.188978447943055	5.66288042589271	1.48852890075433e-08	1.86567511802966e-07
22756	BANCR	lncRNA	24.5887089707412	1.0932039749234	0.193141242809868	5.66012706048275	1.51260960417655e-08	1.89088110833912e-07
11943	LGALS9C	protein_coding	31.8521553506293	-1.0251719431593	0.181248567872471	-5.65616575729646	1.54791982048352e-08	1.92793737473821e-07
173	TKTL1	protein_coding	34.3827317122542	1.35793774349581	0.24088984602444	5.63717303118719	1.72864399832582e-08	2.1255558619581e-07
12497	PCSK1	protein_coding	771.937228704577	-1.44758873156533	0.256970929011088	-5.63327819662772	1.76815883346663e-08	2.16934232149275e-07
5613	CDHR3	protein_coding	717.82567737959	-1.03368859914067	0.183761654776571	-5.62515939681483	1.85336756227286e-08	2.26804188735693e-07
23207	FAM169B	transcribed_unitary_pseudogene	18.2657574072277	-1.55114435701362	0.276100265653654	-5.61804731821378	1.93127615742245e-08	2.35491092743769e-07
8732	TMEM132D	protein_coding	122.174697045656	-1.30869059518982	0.233143606928402	-5.6132381772395	1.98574972352569e-08	2.41145557960432e-07
11080	AQP2	protein_coding	14.9915540424823	-1.24766767024303	0.222682818504707	-5.60289149661834	2.1080519638597e-08	2.54440696742803e-07
11914	CFAP46	protein_coding	118.849115309409	-1.00214615695516	0.179015148309583	-5.59810812893935	2.16703583863943e-08	2.60503742864005e-07
11625	LGALS9B	protein_coding	25.8773886643357	-1.17088126737355	0.209705731153375	-5.5834490594689	2.35794865387733e-08	2.81605763507697e-07
14181	CFAP73	protein_coding	79.3070121839575	-1.01113503140435	0.181429684845674	-5.57315101034559	2.50172533931642e-08	2.96841490934136e-07
11425	RAB3B	protein_coding	404.419032239157	1.07098589674769	0.192319325232416	5.56878980026275	2.56514710609257e-08	3.03125335177935e-07
5174	CEACAM8	protein_coding	22.0662774173088	-1.25259049263298	0.224987292384351	-5.56738329244458	2.58593161360649e-08	3.05311727547968e-07
17347	ORM2	protein_coding	300.206384346991	-1.11064864508719	0.199839387074747	-5.55770642286732	2.73342628147719e-08	3.21450930701718e-07
17832	AL442224.1	lncRNA	22.954122100796	-1.59289464347098	0.287311542402052	-5.54413731572939	2.95406949274757e-08	3.44675212642286e-07
16644	MEG9	lncRNA	10.0243860929213	-1.08196780586308	0.195537014424995	-5.53331454428084	3.14235211535369e-08	3.62558010053453e-07
12983	FOXE1	protein_coding	166.591923846387	1.35923570304693	0.246169799274559	5.52153719527122	3.36046656390605e-08	3.84556226587499e-07
14331	DMBT1	protein_coding	9898.35460766779	-1.14994734337413	0.208407156398036	-5.51779201467465	3.43285363996771e-08	3.91898257824502e-07
19529	AC114316.1	lncRNA	15.0724059858595	1.27092839484928	0.230531408252319	5.5130379174114	3.52692209861517e-08	4.01482422831843e-07
5494	TSPAN8	protein_coding	4759.16859004847	-1.05916234351541	0.192498326827228	-5.50218986820615	3.75102673979761e-08	4.23551212809579e-07
23672	AP003327.2	lncRNA	21.9585799663177	1.32320109579629	0.240515361807503	5.50152425130882	3.76521810046096e-08	4.24549734111634e-07
3170	LHX2	protein_coding	27.8715243265341	1.11690696733893	0.203298515954253	5.49392582673975	3.93095644807867e-08	4.4052610284492e-07
537	C6	protein_coding	185.516667319888	-1.0784377309936	0.196433647433051	-5.49008657674675	4.01736773255555e-08	4.48521308875189e-07
11213	SCARA5	protein_coding	292.174139534652	-1.01241894203012	0.184844817666196	-5.47712916603594	4.32281677974663e-08	4.78584652686593e-07
16995	AC010970.1	processed_pseudogene	30.1128112354147	-1.51133217716192	0.277990385672913	-5.43663470052584	5.4296295408506e-08	5.87999990385703e-07
12634	RIMS2	protein_coding	123.09406740865	1.25311654150037	0.230767416244693	5.43021437728294	5.62863967203453e-08	6.07617521078106e-07
9338	MEGF11	protein_coding	177.234046955446	-1.09686191410126	0.202307426517807	-5.42175802925707	5.90157323285428e-08	6.34492392628406e-07
15280	MUC2	protein_coding	65.4292017441867	-1.46057418995566	0.26942629796492	-5.42105281105793	5.92490518115463e-08	6.36713411480218e-07
243	HHATL	protein_coding	22.2680808618552	-1.41000238669172	0.260320343135375	-5.41641260037242	6.08066925887552e-08	6.5198134953112e-07
14930	CYP2B6	protein_coding	18.0866945845746	1.31880953384784	0.243902817198514	5.40711070497581	6.40495578439098e-08	6.81840040453673e-07
5149	PCK1	protein_coding	58.0358466774038	-1.70664250962456	0.316395856229565	-5.39401030709543	6.89022630277653e-08	7.27644563965944e-07
18061	SLC26A4-AS1	lncRNA	60.5509495440184	-1.14275390733407	0.211901912938007	-5.39284375251672	6.93512541494029e-08	7.31192087066396e-07
14255	CIDEC	protein_coding	17.5827241659633	-1.28322304653568	0.238026115608015	-5.39110191021607	7.00269451506129e-08	7.37233276665206e-07
7260	FOXN4	protein_coding	18.9487368294919	1.35981883941512	0.252475605267775	5.38594149709198	7.20664027240143e-08	7.55697628564366e-07
10318	PITX2	protein_coding	388.902967029416	-1.16915233879085	0.217465730208669	-5.37626014760577	7.6048890337859e-08	7.92225841866043e-07
23194	AC008703.1	lncRNA	29.0080551881144	-1.06586164183786	0.198464782391127	-5.37053289251743	7.85043122214377e-08	8.16582573387772e-07
11319	UGT3A2	protein_coding	19.2776817093943	1.05614907636898	0.196703926589294	5.36923230096038	7.90725137159356e-08	8.20493612911237e-07
3003	TMEM59L	protein_coding	1242.71930224657	-1.1267074659392	0.209901035914093	-5.36780326515554	7.97014218608855e-08	8.25221591389186e-07
2816	FGL1	protein_coding	2204.69753211818	-1.39988253146982	0.260815442186134	-5.36732993927092	7.99107949917674e-08	8.27029844386766e-07
1632	HSD17B2	protein_coding	222.224229740719	-1.12640383120493	0.21013348561804	-5.36042043890328	8.30284878346317e-08	8.55948229131566e-07
10375	SPINK1	protein_coding	10767.5594150235	-1.26284727433824	0.236097872189157	-5.34882954525939	8.85248665494454e-08	9.05943778258914e-07
18245	DPP10-AS1	lncRNA	86.4075027741551	1.16878060595383	0.219133699504144	5.33364155581066	9.62624554277155e-08	9.76317765568831e-07
1122	SLC6A15	protein_coding	53.5898293585965	1.60688060296381	0.302163076263504	5.3179250848059	1.04957263713993e-07	1.05506639007388e-06
7026	CLCA2	protein_coding	81.2373728095912	1.0573972537117	0.198901956807395	5.31617320756486	1.05972280147865e-07	1.06392237750475e-06
18527	AL596218.1	lncRNA	19.3119605843251	1.08878040706052	0.20510746992537	5.30834107337329	1.10627484700621e-07	1.1064606974635e-06
20869	AC010735.1	lncRNA	7.51478676381764	1.11150615089913	0.209470739239601	5.3062597426925	1.11897479414233e-07	1.1177544357259e-06
14261	LHFPL3	protein_coding	47.2981734978123	-1.05047920755489	0.199700299763413	-5.26027857143633	1.43837321793481e-07	1.39981282435225e-06
23495	AC016769.5	lncRNA	16.5232712132066	1.54194472704739	0.29326017915206	5.25794102528958	1.4567721782043e-07	1.41540484095297e-06
9592	TFF3	protein_coding	6157.94831324431	-1.10883252610818	0.21116297171989	-5.25107464190767	1.51214383299125e-07	1.46502006667427e-06
7133	HCN4	protein_coding	68.4054279414026	-1.07670288483651	0.205265632330422	-5.2454123596458	1.55933170326003e-07	1.50583638205329e-06
12986	LGALS7B	protein_coding	38.3825939954527	1.1476262978633	0.219314161144727	5.23279614901826	1.66964842830131e-07	1.60456043872347e-06
14156	CYP4F3	protein_coding	562.099112003507	1.29212712300628	0.247166678727274	5.22775614277692	1.71579604109186e-07	1.64492620461198e-06
11872	DNAI2	protein_coding	91.7001998070817	-1.10826912222861	0.212209946682669	-5.22251260863787	1.76511534344468e-07	1.68474776708584e-06
13166	SLC9A4	protein_coding	20.9016405380863	-1.58302425228266	0.303127040919508	-5.22231288729868	1.76702071055506e-07	1.68589067312333e-06
7631	FBN3	protein_coding	231.19991589474	1.0306055180366	0.198013006287773	5.20473648351573	1.94272084456269e-07	1.83441531294274e-06
11546	MUC3A	protein_coding	2481.34631327068	-1.02722846274713	0.197842639923781	-5.19214898842265	2.07880541387039e-07	1.94977046577036e-06
16613	AC092675.1	lncRNA	12.0625062056502	-1.09353517237833	0.210989165739129	-5.18289727601652	2.18465374587904e-07	2.03701426407061e-06
5850	H19	lncRNA	1816.05173722153	1.08736875359589	0.21026635301844	5.17138732843543	2.32362362092353e-07	2.15142973983953e-06
21597	LINC01224	lncRNA	86.7313569239378	1.04586681959323	0.202371428447612	5.16805572612725	2.36541788985302e-07	2.18757520889164e-06
7787	SYT14	protein_coding	50.6464165167	1.21945135103253	0.23617179443418	5.16340807738742	2.42493690353139e-07	2.23740594423466e-06
6077	LINC00470	lncRNA	34.7651003380876	1.48629165953585	0.288593278022341	5.15012570535614	2.60311930880218e-07	2.37876758326228e-06
13759	H1-5	protein_coding	10.1801380036132	1.00507687887778	0.195230961876076	5.14814284178838	2.63078128142838e-07	2.40312333854758e-06
20547	AC092868.1	processed_pseudogene	74.1428918668028	-1.05601744453281	0.205142854258839	-5.14771742037076	2.63675301426638e-07	2.40765476540412e-06
9769	IZUMO2	protein_coding	21.2696654207236	-1.3776409564887	0.268301856171512	-5.13466800471199	2.82642512320017e-07	2.55925809444444e-06
512	CASR	protein_coding	47.322646845266	-1.28335428880769	0.250045716608923	-5.13247859716344	2.8595125357834e-07	2.58515253325149e-06
2065	SEC14L3	protein_coding	23.8005968612031	-1.13911525883248	0.221939130117312	-5.13255710351919	2.85831966971731e-07	2.58515253325149e-06
9808	MSLNL	protein_coding	164.922692035721	-1.17774155496161	0.229944036977651	-5.12186169487875	3.02533761535466e-07	2.72074735544017e-06
20444	LINC00524	lncRNA	10.001821490395	-1.335883662335	0.261427973256906	-5.10994919821464	3.22245449550014e-07	2.87845203885373e-06
15639	C9orf135	protein_coding	126.030248709601	-1.09115054539977	0.214680638634388	-5.08266862042485	3.72168668377729e-07	3.27403940478287e-06
15667	AC104692.1	processed_pseudogene	7.63172523879255	1.53374996203301	0.303384364660113	5.05546804876151	4.29336506574379e-07	3.71925047928784e-06
21607	ERVV-1	protein_coding	10.3493192664964	1.22248585629512	0.241826503805456	5.05521866734089	4.29897918310742e-07	3.72275964605528e-06
19762	AC046195.1	lncRNA	63.0565039785907	-1.14520817864682	0.227299751611576	-5.0383168944409	4.69643411326988e-07	4.03466385185458e-06
11286	SFTPC	protein_coding	48035.5064545376	-1.25711551206239	0.249522322431598	-5.03808837546789	4.70204341036502e-07	4.03802602864885e-06
6970	MMP13	protein_coding	1505.50185195186	1.05896273366457	0.210451110540134	5.03187049451384	4.85717345086069e-07	4.1577544413658e-06
8965	CYP4Z2P	transcribed_unprocessed_pseudogene	34.5169743171201	-1.04121794783345	0.206952588116038	-5.03119075394041	4.87442859813892e-07	4.16803025623268e-06
13190	TPRXL	transcribed_processed_pseudogene	15.2114958285393	1.0052768932805	0.200720792398261	5.00833461879661	5.49030223402286e-07	4.63638501422058e-06
18036	LINC01518	lncRNA	34.3585245104137	1.30332511821367	0.261380205448927	4.98631912839449	6.15404638178643e-07	5.13163169861618e-06
21263	AP005262.1	lncRNA	31.7582700828094	1.43693707326166	0.288188585056675	4.98609989350923	6.16102988102036e-07	5.1336167105185e-06
11589	SERPINA6	protein_coding	11.9908699424666	-1.36664695207562	0.275498722791356	-4.96062899395227	7.02652820846151e-07	5.7759662670453e-06
15235	MAGEA1	protein_coding	53.6394958703173	2.13900581881844	0.431329643976658	4.95909763840436	7.0821368086473e-07	5.81164734531795e-06
17420	LINC02577	lncRNA	203.773351481092	1.04925567975092	0.214962591144092	4.88110826244921	1.05491305544104e-06	8.31293828665551e-06
1745	LHX5	protein_coding	24.659081211529	1.27940106012394	0.26214063944385	4.88059029244103	1.0576877389454e-06	8.33204625049476e-06
10170	ALB	protein_coding	339.873869608871	-1.37479984989147	0.281711675408425	-4.88016638961905	1.05996374450029e-06	8.34721448793976e-06
18422	CLEC2L	protein_coding	27.8332705537493	1.23318205039627	0.253393409887398	4.86666978018202	1.13494427273662e-06	8.8760469329885e-06
12189	INSM1	protein_coding	40.6438351798467	1.15901734402228	0.238366048314798	4.86234240243655	1.16004731110699e-06	9.04267321332303e-06
20439	TMEM179	protein_coding	31.7998639334397	1.36022867689708	0.280001275250588	4.85793743503398	1.1861487472762e-06	9.22801250167766e-06
16720	LINC02471	lncRNA	53.6070131246761	-1.06569924075241	0.219735615577732	-4.84991583157995	1.23513874476627e-06	9.54367101488123e-06
19184	AC087667.1	lncRNA	9.67341808419585	1.0155665729792	0.209768876794375	4.84135963589444	1.28953748061351e-06	9.89337808096975e-06
21533	IGFL2-AS1	lncRNA	16.1415565815935	1.11019166345831	0.229582249085286	4.83570340425533	1.32675625520641e-06	1.01625517727518e-05
7339	FAM181A	protein_coding	38.7130970087479	-1.0601101878197	0.219551888064895	-4.82851774659462	1.37553077437474e-06	1.04822047555072e-05
9492	IGF2BP1	protein_coding	449.140127575355	1.32260770763243	0.274029722007202	4.8265118759551	1.38945112048443e-06	1.05747487961701e-05
5798	KIF1A	protein_coding	1798.59720279234	1.30567740746803	0.270784666514414	4.8218291835905	1.42247735201365e-06	1.08122807726949e-05
23791	AL358787.2	processed_pseudogene	9.74259223084734	-1.04827678572305	0.217704057706897	-4.81514583037483	1.47092430602902e-06	1.11520507557386e-05
9702	LY6K	protein_coding	259.280766961156	1.07531064783029	0.223454039381044	4.81222291084485	1.49260736891805e-06	1.12912807761799e-05
11951	FOXB1	protein_coding	62.9679964572627	1.07071638520671	0.222519930731945	4.81177745150629	1.49593878415226e-06	1.13128886013979e-05
1230	KCNQ2	protein_coding	31.1982880301546	-1.22665652803184	0.25547886428598	-4.80140120968573	1.57559233503378e-06	1.18475389537399e-05
20376	FAM181A-AS1	lncRNA	12.2605341926194	-1.06083833489715	0.221809419600879	-4.78265682677502	1.72993323488976e-06	1.28900594667286e-05
1402	DUSP13	protein_coding	127.511552306586	1.09249377165311	0.229093071145489	4.76877701359769	1.85347678068012e-06	1.36736976626755e-05
7622	SLC6A3	protein_coding	448.37479892401	1.11549087329841	0.234990176798772	4.74696810094166	2.06488502095415e-06	1.5044464151467e-05
23582	AL137018.1	lncRNA	147.193674346963	-1.25759765528272	0.266874056545002	-4.71232637433476	2.44904722277745e-06	1.74511102822329e-05
22391	ALOXE3P1	unprocessed_pseudogene	11.0519266725234	-1.06232013675768	0.225819104615884	-4.70429700164066	2.54742185786101e-06	1.80709872276146e-05
7634	TM4SF5	protein_coding	48.0486501444622	-1.61219202749661	0.342854971004751	-4.70225653363583	2.57301938852815e-06	1.82362749161933e-05
2459	VSIG1	protein_coding	2508.81975396801	-1.05962276449236	0.226234331204039	-4.68373990301541	2.81687411818255e-06	1.97181188272779e-05
22266	LHX1	protein_coding	20.6480934810874	1.47244229117227	0.316121307146233	4.65783943659052	3.19545277743432e-06	2.20377968264758e-05
8844	CPB1	protein_coding	22.1358682320452	1.03560025456548	0.223850113872279	4.6263110464905	3.72236145974447e-06	2.52836040508713e-05
4876	GJB6	protein_coding	228.6108927912	1.02860918087771	0.222556893436212	4.62178081746329	3.80459874077746e-06	2.57906958192071e-05
10460	SP8	protein_coding	112.08792782676	1.28273532697824	0.278628315836845	4.60375078220466	4.14948982814693e-06	2.79062272712485e-05
585	MAGEC2	protein_coding	131.75376751294	1.99933891704914	0.436831672853784	4.57690923368178	4.71896082288753e-06	3.13552826552019e-05
2270	SERPINA4	protein_coding	130.860694012109	-1.46115343222306	0.319568589574504	-4.57226861428572	4.8247187760043e-06	3.20133332214451e-05
14749	UGT2B15	protein_coding	65.7051334830135	-1.14201260940183	0.249875671059185	-4.57032333144325	4.86972299737028e-06	3.22311238074975e-05
21251	AP002478.1	lncRNA	14.5960643640413	1.13704922230328	0.249626517396899	4.55500174484831	5.23851435001492e-06	3.42813906928429e-05
23511	AL096854.1	lncRNA	10.8840917936953	1.11562550853573	0.245714114256281	4.54033954017036	5.61637082540099e-06	3.65232809492352e-05
19695	FOXD1	protein_coding	33.3558216367389	1.04314139389564	0.230069222071803	4.53403277718773	5.78680430859968e-06	3.75008382829778e-05
20740	AC237221.1	lncRNA	21.2486778859971	1.25407198984667	0.276733566214317	4.53169453565835	5.85124184702288e-06	3.78645308002725e-05
20623	GOLGA2P11	transcribed_unprocessed_pseudogene	9.98316446353092	-1.04021048379162	0.229585070635947	-4.53082807566823	5.87529379430141e-06	3.79892061953554e-05
19341	LINC01194	lncRNA	35.9325994201337	1.95178906877171	0.433043124898867	4.50714710971922	6.57050807864429e-06	4.18410023113119e-05
15355	CSAG1	protein_coding	190.699246125551	1.60844130028158	0.357626560956197	4.49754429867022	6.87428411320837e-06	4.35267752916629e-05
7904	CNGA3	protein_coding	353.086981230859	-1.05886076280542	0.235859430457658	-4.48937216862954	7.14333990108129e-06	4.49911389590981e-05
5237	EREG	protein_coding	1650.95443337889	1.08393319479147	0.241460206953376	4.4890758956434	7.15328101492215e-06	4.50418387333041e-05
18332	BARX1-DT	lncRNA	29.6698955769078	-1.37043674198791	0.30541019124029	-4.48720043172916	7.21651778724441e-06	4.53920112481348e-05
16773	AL117329.1	lncRNA	41.9196133260346	1.03357104313408	0.231623450331777	4.46229015953952	8.10883216948021e-06	5.02220362247079e-05
4920	PAEP	protein_coding	3981.76230053737	-1.2418478697909	0.280004358805979	-4.43510192157903	9.2028738674846e-06	5.61509706072965e-05
731	NPFFR2	protein_coding	41.4304319986756	1.23529415157634	0.280058935387734	4.41083641864921	1.02972088485624e-05	6.19393108157779e-05
8750	POU4F1	protein_coding	41.7127878217771	1.01497894962656	0.230303713436073	4.40713236657512	1.04748180137031e-05	6.28755020049387e-05
3585	CALCA	protein_coding	3011.34750976878	-1.5456894469887	0.353378144106437	-4.37403804611961	1.21969107712085e-05	7.19666087972147e-05
8550	HMGA2	protein_coding	909.063496305086	1.08837601617349	0.250923142941334	4.33748758052165	1.44120675256773e-05	8.32021760136922e-05
14198	KRT14	protein_coding	126.231748230265	1.02473465777752	0.23671801860538	4.32892546082773	1.49838633154088e-05	8.61481702059745e-05
6310	TEX15	protein_coding	37.1367592191414	1.24269539034087	0.287141266488275	4.32781886608979	1.50593234738207e-05	8.64984875073726e-05
12085	FADS6	protein_coding	57.0796509678181	-1.15476007535257	0.269716013279731	-4.28139234786529	1.85727566517434e-05	0.000104264881401372
20576	AL355596.1	lncRNA	22.3529621340793	1.0644138990994	0.250530018421586	4.24864814925382	2.1506439794819e-05	0.000118829317232905
2239	CCDC198	protein_coding	88.1225615765027	-1.16702765150085	0.274767413671186	-4.24732917163689	2.1633399977503e-05	0.000119447666836137
11132	KLK5	protein_coding	49.629962686271	1.33447966959167	0.314261056968189	4.2464048280941	2.17227989043046e-05	0.000119876751060076
10316	ETNPPL	protein_coding	62.4950911051162	-1.53329426238697	0.361449801590855	-4.24206696376222	2.21470584958369e-05	0.000121859993304034
10443	HCN1	protein_coding	35.2857655802874	-1.03334695337349	0.2440244151677	-4.23460477372048	2.28954019511911e-05	0.0001252541010948
6014	BARX1	protein_coding	827.105599122987	-1.13667154074413	0.269079327395025	-4.22429902641845	2.39685631711042e-05	0.000130227552670927
14001	PRAME	protein_coding	1283.93201674284	1.06042734432436	0.25180639570852	4.2112804217724	2.53927298723329e-05	0.000136934435955556
16134	MAGEA12	protein_coding	248.488405900295	1.76523444742624	0.419277635602759	4.21018031378783	2.55166953693067e-05	0.000137509523314023
10841	CRABP1	protein_coding	50.4476954795364	1.04211484632318	0.247963006211442	4.20270290413627	2.63746652719867e-05	0.000141460873600696
23410	AC244102.3	lncRNA	13.8651447895672	1.85068303340956	0.441181952715583	4.19482941679312	2.73077020384178e-05	0.000145579945453969
20222	C11orf97	protein_coding	19.5583141658263	-1.0598684488333	0.253758892422516	-4.17667510570855	2.95801049912307e-05	0.000156572709549048
9212	UNC5D	protein_coding	21.9267237303816	-1.1249125056769	0.271431130151121	-4.14437542610015	3.40741124869452e-05	0.000177015906362154
6546	CGA	protein_coding	86.6174462441287	-1.49225634387796	0.36069293560842	-4.13719315395187	3.51580141151006e-05	0.000182011510464567
225	PAX7	protein_coding	561.697185655842	-1.50999216294689	0.367375378382194	-4.11021601283249	3.95289158081489e-05	0.000201477347458431
11900	LGALS4	protein_coding	2169.8168194094	-1.10788208141161	0.269933810542213	-4.10427311490256	4.0558809110707e-05	0.000206029752594364
5758	LBP	protein_coding	86.2836678932287	-1.01279620867759	0.24994662804613	-4.05204989799129	5.07708332611895e-05	0.000249753485495139
7049	SIX3	protein_coding	33.4734483891306	1.02763084881394	0.253943008228708	4.04669872969459	5.1945026187989e-05	0.000254950299596202
20301	AC125603.2	lncRNA	79.9418172671477	1.1719672776258	0.289978406867216	4.04156740595674	5.30951140044709e-05	0.00025963183673562
297	GABRA3	protein_coding	134.995289417031	1.27797801038403	0.316647978374163	4.03595821753177	5.43798940303694e-05	0.000264880915614485
5253	PIWIL1	protein_coding	18.2874251558466	-1.03351210681199	0.258187205138118	-4.00295632875807	6.25558527710093e-05	0.000299317877815716
5145	C20orf85	protein_coding	390.308249196993	-1.01053017980059	0.25291948619576	-3.99546193533873	6.45682313012938e-05	0.000307771789473381
19061	LINC01214	lncRNA	16.16906337833	1.19212967895736	0.300676631375109	3.96482318398108	7.34503714454143e-05	0.000343846500019874
16585	MAGEA3	protein_coding	480.479762376675	1.67277929274929	0.426743686754052	3.91986886899952	8.85971618167269e-05	0.000405506978955129
11486	ZNF280A	protein_coding	10.795959491328	1.29863620346817	0.333648928124709	3.89222351400085	9.93296688350935e-05	0.000448016359606221
12145	ADAMTS20	protein_coding	20.1715866518952	1.20760229936194	0.310777565955094	3.88574476298084	0.000102016647962405	0.000458641581003722
17268	LINC00355	lncRNA	30.4045706404855	1.31699085001739	0.341003609554604	3.862102374041	0.000112415438051884	0.000498893261604094
4727	INSL4	protein_coding	187.564641245373	-1.56175993217661	0.404442259542639	-3.86151519859154	0.000112686000854077	0.000499814569629167
23027	AC126564.1	TEC	19.9539217999963	-1.03597750252949	0.268307973809151	-3.86115063157379	0.000112854297548411	0.000500374649379607
19411	LINC02428	lncRNA	12.9027638290827	1.01001079252831	0.26192589375557	3.85609371431929	0.000115213333989112	0.000509411499371836
23675	AC079460.2	lncRNA	12.9560843195974	1.12824197290027	0.293180689220112	3.84828201305311	0.00011894907508225	0.000524080161703737
23156	DUX4L34	unprocessed_pseudogene	17.4894031565654	1.23350868273468	0.322159127477403	3.82888013260218	0.000128727681718524	0.000562377731140146
22712	AC010998.3	lncRNA	15.8690956665143	-1.081912710503	0.283482173630727	-3.81651056447851	0.000135352282556975	0.000587546346484107
17841	LINC01807	lncRNA	16.6626529446744	1.1103481760542	0.291789307706348	3.80530796272916	0.000141627862994525	0.00061111178281421
9844	FGF19	protein_coding	41.9148230017757	-1.12893142099544	0.29952434660991	-3.7690806566243	0.00016384993852896	0.000694275496676066
15270	EPS8L3	protein_coding	265.71899264599	-1.20156737403966	0.319040783841741	-3.76618738071962	0.000165759406913377	0.000701135793292214
20935	LINC02616	lncRNA	23.1176667791604	1.56708133469091	0.437790703881355	3.57952172304601	0.000344223634624511	0.0013304251558372
23404	CR589904.2	protein_coding	22.7733179512693	1.01257366846678	0.288650453097956	3.50795800803109	0.000451560320533722	0.0016815414344316
19504	AC116345.1	lncRNA	23.9760598037364	-1.04941425101297	0.306997495393622	-3.41831535031724	0.000630100556168917	0.00223754533987528
14880	MAGEA6	protein_coding	381.224808683001	1.60035600001297	0.468954691395839	3.4126026018623	0.000643456996214714	0.00227753937393835
18808	LINC00973	lncRNA	76.1549913452336	1.00331620718302	0.301066287033838	3.33254253429662	0.000860563149402884	0.00292207446781893
7593	DMRTC2	protein_coding	15.0267339457216	1.17958462932053	0.354689472557329	3.32568266212036	0.000882022858015774	0.0029823217862825
17065	PSPHP1	unprocessed_pseudogene	235.208559069939	1.22441313525462	0.373986766563197	3.27394775624425	0.0010605621752955	0.00350391615461808
8270	HTR2C	protein_coding	26.3472856552838	1.19300489707127	0.380651205516075	3.13411564125702	0.00172372910049852	0.00531583589734159
3078	HOXA13	protein_coding	26.054734209771	1.02943902078926	0.344725616529493	2.98625623228434	0.00282415898374107	0.00811566574620609
16419	KCNU1	protein_coding	31.47869426415	-1.23984639541958	0.41656028627814	-2.97639126018779	0.00291662494433648	0.00834713453003593
23669	AC244102.4	lncRNA	27.0457030649619	1.34857185059091	0.474625369043699	2.84133958812207	0.00449244464381146	0.0121062664646063
15769	LINC01446	lncRNA	45.7980632200264	1.00692008313575	0.376368068878643	2.67536001695304	0.00746490399728795	0.0187401669609335
11451	NR0B1	protein_coding	253.372536482711	1.02991617468467	0.432204872364283	2.38293513224581	0.0171752204833754	0.0382825440463404
